Date,Price,Open,High,Low,Vol.,Change %
1-Jan-18,262.3,263.25,266.3,261.25,10.46M,-0.36
29-Dec-17,263.25,262.5,264,262.25,6.57M,0.53
28-Dec-17,261.85,263.4,264.05,261.05,15.89M,-0.11
27-Dec-17,262.15,264.2,264.3,261.65,6.09M,-0.76
26-Dec-17,264.15,263.25,265,262.65,9.55M,0.4
22-Dec-17,263.1,263.5,264.2,262.15,6.41M,0.02
21-Dec-17,263.05,265.9,265.9,261.6,6.77M,-0.09
20-Dec-17,263.3,264.7,264.7,262.7,7.44M,-0.36
19-Dec-17,264.25,263.4,265.4,263.1,5.88M,0.4
18-Dec-17,263.2,265.5,265.5,259.05,9.29M,-0.53
15-Dec-17,264.6,266,267.05,263.45,12.27M,0.13
14-Dec-17,264.25,260.9,266.15,257.55,8.04M,2.03
13-Dec-17,259,259.6,262.4,257.6,8.65M,-0.97
12-Dec-17,261.55,264.5,265.2,260.5,9.24M,-1.77
11-Dec-17,266.25,264.65,267.5,263.3,17.18M,1.54
8-Dec-17,262.2,253.75,263.2,253.4,13.13M,3.49
7-Dec-17,253.35,250,254.1,250,5.43M,0.7
6-Dec-17,251.6,253.25,253.25,250.85,8.24M,-0.89
5-Dec-17,253.85,255,255.35,252.5,8.99M,-0.49
4-Dec-17,255.1,256,256.3,253.55,6.11M,-0.04
1-Dec-17,255.2,256.95,259.6,254.65,6.59M,-0.33
30-Nov-17,256.05,257.9,258.2,254.65,22.12M,-0.78
29-Nov-17,258.05,258,258.7,257,8.70M,0.41
28-Nov-17,257,259.1,259.2,256,17.51M,-0.87
27-Nov-17,259.25,260,260.5,257.3,4.84M,-0.58
24-Nov-17,260.75,258.5,261.45,258.05,7.35M,1.01
23-Nov-17,258.15,258.35,260.7,256.4,7.52M,0
22-Nov-17,258.15,256,258.65,255.6,8.61M,0.92
21-Nov-17,255.8,259.5,259.5,255.2,16.63M,-1.31
20-Nov-17,259.2,258.6,260.7,257.25,7.92M,0.47
17-Nov-17,258,256.5,259,256,10.00M,1.14
16-Nov-17,255.1,254.7,255.6,252.4,9.96M,0.71
15-Nov-17,253.3,257,257.35,250.4,17.01M,-1.27
14-Nov-17,256.55,258.5,260.85,256,8.34M,-0.68
13-Nov-17,258.3,263,263.3,258,7.40M,-1.3
10-Nov-17,261.7,260.55,265.2,259.4,16.79M,0.63
9-Nov-17,260.05,266.4,266.5,259.3,20.25M,-2.02
8-Nov-17,265.4,265.35,266.5,264.7,5.96M,0.04
7-Nov-17,265.3,265.7,267.7,263.65,9.51M,0.15
6-Nov-17,264.9,266.25,267.9,264.3,9.02M,-0.19
3-Nov-17,265.4,267,267.9,264.9,5.98M,-0.09
2-Nov-17,265.65,269.7,269.95,265.3,9.68M,-1.56
1-Nov-17,269.85,267,271.2,266.3,7.24M,1.56
31-Oct-17,265.7,266.05,266.95,263.9,8.14M,0.21
30-Oct-17,265.15,269,270.6,263.45,17.59M,-1.56
27-Oct-17,269.35,270.6,276,267.45,22.97M,0.35
26-Oct-17,268.4,270.8,270.8,267.15,9.26M,-0.32
25-Oct-17,269.25,268.4,271.5,268.2,5.94M,0.84
24-Oct-17,267,268.45,268.45,266.1,8.40M,-0.02
23-Oct-17,267.05,270,272.75,265.8,9.77M,-0.96
19-Oct-17,269.65,271,271.3,269,1.24M,-0.26
18-Oct-17,270.35,268,270.75,267.1,7.23M,1.16
17-Oct-17,267.25,268,268.7,265.95,10.63M,-0.09
16-Oct-17,267.5,266,269.95,265.5,9.15M,0.58
13-Oct-17,265.95,266.25,267.6,264.2,12.04M,-0.39
12-Oct-17,267,265.55,269.2,264,9.17M,0.6
11-Oct-17,265.4,266.5,267.75,264.45,7.66M,-0.3
10-Oct-17,266.2,267.1,267.9,265.15,5.47M,-0.67
9-Oct-17,268,268,269.15,266.4,6.09M,0.7
6-Oct-17,266.15,265.8,267.5,264.65,7.86M,0.34
5-Oct-17,265.25,267.4,269.4,264.4,6.94M,-0.8
4-Oct-17,267.4,264.1,268.5,263.15,10.78M,2.3
3-Oct-17,261.4,262.5,262.75,258.5,11.50M,1.2
29-Sep-17,258.3,262.8,262.9,257.45,12.17M,-1.24
28-Sep-17,261.55,260.4,263.4,259.1,21.60M,1.18
27-Sep-17,258.5,265.1,265.5,256.8,17.53M,-1.51
26-Sep-17,262.45,263.3,263.75,261.05,9.58M,0.08
25-Sep-17,262.25,268.5,269.65,260.9,17.58M,-2.31
22-Sep-17,268.45,269.5,270.95,267.05,6.88M,-0.41
21-Sep-17,269.55,272,272.4,267.1,7.76M,-0.74
20-Sep-17,271.55,269.4,272,267.75,9.60M,1.38
19-Sep-17,267.85,268,270,264.1,33.88M,0.32
18-Sep-17,267,271,271.7,266.25,10.15M,-0.85
15-Sep-17,269.3,272,272.75,268.2,13.15M,-0.99
14-Sep-17,272,272.3,272.5,270.4,7.04M,0.18
13-Sep-17,271.5,277.4,277.5,270.95,12.13M,-2.22
12-Sep-17,277.65,275.5,278.25,274.6,11.46M,1.48
11-Sep-17,273.6,272.4,274.4,271.5,9.31M,0.46
8-Sep-17,272.35,271.15,273.3,270,9.72M,0.72
7-Sep-17,270.4,277,277.55,269.55,19.22M,-1.92
6-Sep-17,275.7,280.5,281,275.25,14.17M,-2.53
5-Sep-17,282.85,282.65,283.9,281.6,7.82M,-0.09
4-Sep-17,283.1,283.45,283.85,282,8.48M,-0.18
1-Sep-17,283.6,282.2,284.35,280.7,7.25M,0.48
31-Aug-17,282.25,283,283.15,280.4,11.22M,0.09
30-Aug-17,282,281.15,282.9,280.6,6.53M,0.62
29-Aug-17,280.25,282.35,282.9,279.4,6.14M,-0.78
28-Aug-17,282.45,282.1,283,279.3,9.97M,0.36
24-Aug-17,281.45,282,283.5,281.1,10.82M,-0.39
23-Aug-17,282.55,283.5,285.6,281.6,8.75M,-0.12
22-Aug-17,282.9,282,285,280.35,11.96M,0.46
21-Aug-17,281.6,282.35,285,280.95,13.09M,-0.09
18-Aug-17,281.85,279.25,284,276.8,14.87M,0.66
17-Aug-17,280,281.85,282.9,277.9,13.70M,0.29
16-Aug-17,279.2,272,281.75,271.35,18.69M,2.93
14-Aug-17,271.25,274.4,274.4,270.5,9.69M,-0.09
11-Aug-17,271.5,271,274.45,270.1,14.41M,-0.59
10-Aug-17,273.1,272.65,274.65,270.75,10.00M,0.09
9-Aug-17,272.85,274,275.4,270.4,9.91M,-0.47
8-Aug-17,274.15,280.1,281.4,273.5,12.74M,-2.04
7-Aug-17,279.85,281.6,283,279.45,8.45M,-0.32
4-Aug-17,280.75,280.4,284.4,279.65,11.28M,-0.23
3-Aug-17,281.4,285,285.4,280.65,10.20M,-1.42
2-Aug-17,285.45,289.8,289.9,284.3,9.87M,-0.83
1-Aug-17,287.85,285.3,288.55,285,13.54M,0.91
31-Jul-17,285.25,289.5,290.3,284.5,21.25M,-2.16
28-Jul-17,291.55,294.3,294.75,287.15,18.49M,1.04
27-Jul-17,288.55,294.7,295.4,286.75,18.89M,-1.74
26-Jul-17,293.65,292,294.25,291.5,9.21M,0.77
25-Jul-17,291.4,295,295.15,290.85,9.56M,-0.63
24-Jul-17,293.25,290,295.35,288.1,17.79M,1.51
21-Jul-17,288.9,291.5,291.75,286.55,13.17M,-0.21
20-Jul-17,289.5,294,294.9,288.4,15.31M,-0.67
19-Jul-17,291.45,287.8,292.9,286.2,39.13M,2.42
18-Jul-17,284.55,292.65,292.65,276.4,149.48M,-12.49
17-Jul-17,325.15,335,335,320.7,20.32M,-3.56
14-Jul-17,337.15,339.95,339.95,334.8,5.59M,-0.47
13-Jul-17,338.75,332,339.5,331,17.49M,3.01
12-Jul-17,328.85,328.4,333.6,327.4,10.25M,-0.47
11-Jul-17,330.4,335,335.05,330,8.34M,-0.87
10-Jul-17,333.3,341,367.7,331,1.43M,-0.3
7-Jul-17,334.3,338,338.2,333.05,9.92M,-0.83
6-Jul-17,337.1,334.3,338.75,331.3,13.43M,1.83
5-Jul-17,331.05,337.25,337.85,330.25,11.98M,-1.84
4-Jul-17,337.25,342.8,343.45,336.25,11.23M,-1.53
3-Jul-17,342.5,346,354.8,340.3,47.08M,5.82
30-Jun-17,323.65,310.25,324.7,310.25,23.20M,3.87
29-Jun-17,311.6,309.1,313.25,308.6,9.93M,1.05
28-Jun-17,308.35,311.6,311.6,307.1,7.92M,-1.28
27-Jun-17,312.35,311.75,316.5,311,9.69M,0.43
23-Jun-17,311,310,312.9,308.6,7.18M,-0.1
22-Jun-17,311.3,308.65,314.2,308.2,8.94M,0.76
21-Jun-17,308.95,309.4,311,307.2,8.28M,0.08
20-Jun-17,308.7,312,312.2,308.1,8.26M,-0.71
19-Jun-17,310.9,309,311.85,308.1,6.98M,1.34
16-Jun-17,306.8,302.5,309.6,302.5,12.32M,1.62
15-Jun-17,301.9,302.95,302.95,299.5,7.43M,0.68
14-Jun-17,299.85,304.95,306,299.15,14.57M,-1.77
13-Jun-17,305.25,305.05,306,302.2,5.11M,0.28
12-Jun-17,304.4,307,307.5,302.5,6.27M,-0.52
9-Jun-17,306,310.75,312.6,304.7,10.07M,-1.8
8-Jun-17,311.6,313,313.25,309.4,7.78M,-0.21
7-Jun-17,312.25,311.3,314.75,310.35,11.53M,0.39
6-Jun-17,311.05,317.5,319,309.3,9.84M,-2.02
5-Jun-17,317.45,315,318.25,313.3,9.48M,-0.55
2-Jun-17,319.2,316.1,319.9,315.2,11.07M,1.59
1-Jun-17,314.2,312,316.75,310.8,8.25M,0.77
31-May-17,311.8,311.45,313.4,307,12.31M,0.11
30-May-17,311.45,312.9,315.2,310.05,8.55M,-1.39
29-May-17,315.85,304,319.85,303.5,19.67M,2.18
26-May-17,309.1,302,313.8,299.55,21.74M,3.02
25-May-17,300.05,300,304.7,295.35,22.77M,0.05
24-May-17,299.9,300,301.95,297.9,9.46M,-0.08
23-May-17,300.15,301.9,303.9,298.25,19.78M,-1.14
22-May-17,303.6,292.45,304.8,291.3,35.94M,6.08
19-May-17,286.2,282.25,295.65,281.95,35.72M,2.99
18-May-17,277.9,278,281.05,277.05,7.92M,-1.33
17-May-17,281.65,284.1,284.4,279.25,8.30M,-0.64
16-May-17,283.45,278.5,284.3,278,11.20M,1.98
15-May-17,277.95,275.9,278.9,275.5,5.46M,1.09
12-May-17,274.95,277.3,277.3,274.05,4.50M,-0.61
11-May-17,276.65,275.5,279.15,274,9.42M,0.99
10-May-17,273.95,272.2,275.7,272,4.58M,0.9
9-May-17,271.5,273.5,276.65,271,6.75M,-0.53
8-May-17,272.95,277.55,278.5,272.55,10.63M,-1.52
5-May-17,277.15,280.95,280.95,276.4,4.04M,-1.44
4-May-17,281.2,277.9,282.2,276.15,7.77M,1.42
3-May-17,277.25,279.5,279.5,275.5,6.04M,-0.7
2-May-17,279.2,280.5,281.3,276.5,7.03M,0.43
28-Apr-17,278,285.8,286.5,277.35,12.37M,-2.73
27-Apr-17,285.8,291.4,291.9,284.5,13.55M,-1.75
26-Apr-17,290.9,283.3,292.9,282,18.94M,3.41
25-Apr-17,281.3,278,282,273.9,12.72M,1.64
24-Apr-17,276.75,276.4,277.55,271.15,7.12M,0.87
21-Apr-17,274.35,282,282,272.7,8.71M,-1.84
20-Apr-17,279.5,279.7,281.5,278.35,4.24M,0.29
19-Apr-17,278.7,281.15,281.5,277.85,4.95M,-0.13
18-Apr-17,279.05,280.2,284,278.1,4.33M,-0.02
17-Apr-17,279.1,276.55,282.5,275.55,4.83M,-0.02
13-Apr-17,279.15,281.9,282,277.5,3.93M,-0.98
12-Apr-17,281.9,281.7,284.8,279.55,7.23M,-0.05
11-Apr-17,282.05,273.1,282.6,271.8,10.93M,3.11
10-Apr-17,273.55,275,275,272.1,5.48M,0.33
7-Apr-17,272.65,273,274.15,270.9,9.13M,-0.53
6-Apr-17,274.1,278.2,279.15,273.2,15.64M,-1.74
5-Apr-17,278.95,283.2,283.5,277.7,10.29M,-0.92
3-Apr-17,281.55,282.8,283.6,278.65,7.23M,0.45
31-Mar-17,280.3,281,283,278.75,9.56M,-0.87
30-Mar-17,282.75,284,284.65,280.05,14.39M,-0.16
29-Mar-17,283.2,280.2,283.7,280.2,8.50M,0.96
28-Mar-17,280.5,281.6,282.2,280.05,6.29M,-0.39
27-Mar-17,281.6,280.45,282.9,276.3,12.15M,0.21
24-Mar-17,281,278.85,283,278.75,7.12M,1.22
23-Mar-17,277.6,277.5,282.5,275.1,16.90M,-0.8
22-Mar-17,279.85,285,287.85,278.6,12.40M,-2.8
21-Mar-17,287.9,283.2,288.6,283,13.23M,2.13
20-Mar-17,281.9,282.9,284.2,277.8,15.90M,0.23
17-Mar-17,281.25,276.8,288.9,276.8,52.01M,4.77
16-Mar-17,268.45,270.25,271.25,267.5,8.69M,0.09
15-Mar-17,268.2,265.2,270.7,265.2,13.94M,0.41
14-Mar-17,267.1,266.2,271.65,265.2,17.82M,1.39
10-Mar-17,263.45,264.95,265.05,262.65,5.66M,-0.57
9-Mar-17,264.95,266.1,266.3,262.3,9.48M,0.3
8-Mar-17,264.15,264.45,265.5,263.5,5.77M,-0.04
7-Mar-17,264.25,264.3,265,261.15,6.92M,0.06
6-Mar-17,264.1,262.7,265.05,261.55,9.56M,0.97
3-Mar-17,261.55,262,263.4,258.15,9.99M,-1.21
2-Mar-17,264.75,268.5,270.25,263.5,10.07M,-1.4
1-Mar-17,268.5,262.4,269.7,262.4,14.58M,2.4
28-Feb-17,262.2,263,264.6,260.9,8.24M,-0.91
27-Feb-17,264.6,265.55,266,257.85,5.08M,-0.4
23-Feb-17,265.65,264,268.2,261.6,12.36M,0.84
22-Feb-17,263.45,264.4,266.25,261.65,8.49M,0.11
21-Feb-17,263.15,266,266.25,260.8,9.87M,-1.09
20-Feb-17,266.05,266,267.45,265.55,5.71M,-0.78
17-Feb-17,268.15,267.35,268.9,264,9.34M,0.56
16-Feb-17,266.65,270.05,271.5,265.7,10.58M,-2.47
15-Feb-17,273.4,271.2,275.5,271.2,7.54M,0.96
14-Feb-17,270.8,270,273.5,269.15,6.66M,0.07
13-Feb-17,270.6,275.4,276.35,268.6,8.97M,-1.01
10-Feb-17,273.35,278.7,279.1,271.55,7.68M,-1.55
9-Feb-17,277.65,276,278.4,272.65,4.88M,1.04
8-Feb-17,274.8,275.5,279,272,10.70M,-0.83
7-Feb-17,277.1,278.6,292.15,275.6,24.32M,0.11
6-Feb-17,276.8,274.9,279,274.1,8.22M,1.37
3-Feb-17,273.05,274,275.5,270.5,9.01M,-0.46
2-Feb-17,274.3,271,279.9,269.5,29.72M,1.71
1-Feb-17,269.7,260,270.1,258.5,33.84M,4.49
31-Jan-17,258.1,256.2,259.95,254.6,10.00M,0.78
30-Jan-17,256.1,258.4,261,255.5,8.91M,-0.51
27-Jan-17,257.4,263.5,266.95,256.1,24.50M,-3.05
25-Jan-17,265.5,259.95,266.4,259.6,17.45M,2.17
24-Jan-17,259.85,259.6,260.75,257.35,8.03M,0.08
23-Jan-17,259.65,255.1,260.15,255.05,10.69M,1.66
20-Jan-17,255.4,254.25,256.3,253.7,10.84M,0.49
19-Jan-17,254.15,249.75,254.75,249.55,9.18M,1.32
18-Jan-17,250.85,251.6,254.3,249.8,7.25M,-0.44
17-Jan-17,251.95,248.8,252.3,248.8,4.81M,1.27
16-Jan-17,248.8,249.25,250.85,247.1,4.64M,-0.34
13-Jan-17,249.65,246,251,242.5,4.38M,2.04
12-Jan-17,244.65,247.7,247.7,244.15,5.60M,-1.17
11-Jan-17,247.55,249.8,250.5,246.6,7.64M,-0.56
10-Jan-17,248.95,246,249.85,245.7,11.98M,1.26
9-Jan-17,245.85,242.85,246.6,242.1,4.85M,1.3
6-Jan-17,242.7,247,249,242.2,8.09M,-1.64
5-Jan-17,246.75,244.5,247.85,244.1,9.18M,0.53
4-Jan-17,245.45,242.85,247,240.1,9.31M,0.86
3-Jan-17,243.35,240.9,245.7,239.25,7.51M,1
2-Jan-17,240.95,242,242.25,238.6,4.89M,-0.29
30-Dec-16,241.65,237.45,242.4,236.3,10.42M,2.39
29-Dec-16,236,235.3,237,232.3,14.05M,0.23
28-Dec-16,235.45,232.7,236.4,232.7,14.17M,0.6
27-Dec-16,234.05,226,234.9,224.35,15.61M,4.02
26-Dec-16,225,224.9,225.85,222,8.74M,0.13
23-Dec-16,224.7,227.5,227.5,223.8,10.76M,-1.25
22-Dec-16,227.55,225.25,228.4,224.25,6.42M,0.55
21-Dec-16,226.3,229,229.8,225.5,12.88M,-1.59
20-Dec-16,229.95,228.5,230.8,227.5,5.92M,1.3
19-Dec-16,227,225.35,229,225.35,5.46M,0.29
16-Dec-16,226.35,230.8,230.8,226,12.93M,-1.46
15-Dec-16,229.7,232,234.4,228.5,5.33M,-1.48
14-Dec-16,233.15,236,236.5,232,6.31M,-1.06
13-Dec-16,235.65,234.8,236.9,232.2,7.44M,1.44
12-Dec-16,232.3,234.2,234.7,231.95,3.04M,-1.63
9-Dec-16,236.15,234.05,239.6,232.55,8.33M,1.22
8-Dec-16,233.3,229.05,235.3,228.3,7.37M,2.68
7-Dec-16,227.2,231.5,231.5,226.5,8.11M,-1.3
6-Dec-16,230.2,233,233,229.15,4.91M,-1.01
5-Dec-16,232.55,228.9,233.2,227.45,5.12M,1.77
2-Dec-16,228.5,233,233,228,8.37M,-2.14
1-Dec-16,233.5,232.8,235,231.05,5.16M,0.43
30-Nov-16,232.5,232,234.4,229.15,11.08M,0.63
29-Nov-16,231.05,233.05,235.65,230.25,8.61M,-1.13
28-Nov-16,233.7,228.4,234.2,227.3,9.12M,2.14
25-Nov-16,228.8,224.5,230.45,223.05,7.60M,2.37
24-Nov-16,223.5,225,225.25,222.1,18.00M,-0.51
23-Nov-16,224.65,227.25,227.8,223.5,10.32M,-0.64
22-Nov-16,226.1,225,228.1,223.5,9.22M,0.85
21-Nov-16,224.2,228.2,228.6,223.6,7.59M,-1.6
18-Nov-16,227.85,230,231.4,227.1,8.26M,-1.58
17-Nov-16,231.5,228.45,234,228.4,9.28M,0.26
16-Nov-16,230.9,237.95,239.1,228.05,30.67M,-2.78
15-Nov-16,237.5,241.95,246.9,235.8,21.20M,-2.24
11-Nov-16,242.95,248,248.95,241,12.74M,-3.23
10-Nov-16,251.05,252.85,253,245.55,11.57M,1.17
9-Nov-16,248.15,239.15,255,238.55,23.03M,-2.91
8-Nov-16,255.6,256.5,257.4,252.2,9.94M,-0.35
7-Nov-16,256.5,253.8,259.65,247,24.27M,2.99
4-Nov-16,249.05,251.5,256.4,247.05,35.26M,3.64
3-Nov-16,240.3,237.05,242.3,236,8.87M,1.26
2-Nov-16,237.3,237,238.95,235.1,4.69M,-1.1
1-Nov-16,239.95,242.8,242.8,239.15,5.52M,-0.7
30-Oct-16,241.65,244,244,241,629.94K,-0.6
28-Oct-16,243.1,244.3,244.3,239.5,9.32M,0
27-Oct-16,243.1,241.2,244.8,239.65,15.35M,1.82
26-Oct-16,238.75,239.85,242.5,233.5,23.93M,0
25-Oct-16,238.75,242.9,242.9,238.15,5.95M,-1.08
24-Oct-16,241.35,241,242,239.7,9.58M,0.5
21-Oct-16,240.15,239,241.15,238.75,10.59M,0.33
20-Oct-16,239.35,241,241.35,238.1,4.40M,-0.04
19-Oct-16,239.45,245.65,245.65,238.4,8.41M,-2.64
18-Oct-16,245.95,241,246.55,240.3,11.78M,2.22
17-Oct-16,240.6,239.9,241.75,238.5,6.14M,0.29
14-Oct-16,239.9,239,240.5,238.05,9.22M,0.4
13-Oct-16,238.95,240.1,241.45,236.95,10.68M,-0.48
10-Oct-16,240.1,242,242.6,239.55,5.05M,0.48
7-Oct-16,238.95,237.9,240.25,236.75,4.01M,0.65
6-Oct-16,237.4,242,242,235.65,8.65M,-1.17
5-Oct-16,240.2,241.8,243.25,239.2,6.23M,-0.41
4-Oct-16,241.2,243,243.95,240.35,7.71M,-0.45
3-Oct-16,242.3,244.2,244.2,241.55,6.47M,0.39
30-Sep-16,241.35,245.65,246.95,240.5,9.55M,-1.77
29-Sep-16,245.7,248.1,249.3,241,17.43M,-0.51
28-Sep-16,246.95,246.3,249.4,245.5,7.36M,0.45
27-Sep-16,245.85,248.65,249.25,245,6.64M,-0.89
26-Sep-16,248.05,253,253.25,247.5,9.69M,-2.13
23-Sep-16,253.45,255,257,251.8,4.95M,-0.71
22-Sep-16,255.25,255.45,257.2,253.75,7.69M,0.63
21-Sep-16,253.65,256.7,258.8,253,8.80M,-1.28
20-Sep-16,256.95,259.2,259.25,255.25,6.69M,-0.73
19-Sep-16,258.85,261.5,262.6,258.25,6.47M,-0.58
16-Sep-16,260.35,256,262.2,255.4,14.04M,1.74
15-Sep-16,255.9,252.5,257.9,252.5,7.78M,1.61
14-Sep-16,251.85,251,253.1,249.55,12.54M,-0.16
12-Sep-16,252.25,255.95,256.7,251.75,7.34M,-2.34
9-Sep-16,258.3,263,264.45,257.05,9.76M,-2.49
8-Sep-16,264.9,263.5,265.55,262.7,8.32M,0.8
7-Sep-16,262.8,264,264.95,262,6.41M,0.08
6-Sep-16,262.6,263,265.9,261.1,9.17M,-0.11
2-Sep-16,262.9,262,263.7,260.25,9.15M,0.73
1-Sep-16,261,261,263,259.1,8.37M,0.37
31-Aug-16,260.05,258.3,261.5,256.4,12.77M,1.07
30-Aug-16,257.3,253.7,257.9,253.05,7.69M,1.78
29-Aug-16,252.8,253,253.95,251.05,4.27M,-0.39
26-Aug-16,253.8,253.35,254.9,252.05,4.75M,0.14
25-Aug-16,253.45,252.1,255,250.25,9.52M,1.28
24-Aug-16,250.25,251.2,252,249.1,5.38M,-0.46
23-Aug-16,251.4,254.4,255,250.3,6.45M,-1.06
22-Aug-16,254.1,251.65,254.75,251.5,4.18M,1.26
19-Aug-16,250.95,252,252.4,249.75,5.33M,-0.48
18-Aug-16,252.15,254.4,255.4,251.5,6.68M,-0.61
17-Aug-16,253.7,254.55,256.75,252.2,8.33M,-0.55
16-Aug-16,255.1,254.25,258,253.45,10.29M,0.39
12-Aug-16,254.1,250.55,255.5,250.3,8.28M,0.97
11-Aug-16,251.65,247,252.8,246.55,10.74M,2.09
10-Aug-16,246.5,248,248.4,245.8,5.26M,-0.46
9-Aug-16,247.65,250,250,246.1,9.36M,-0.92
8-Aug-16,249.95,253,254.75,249.5,8.42M,-1.03
5-Aug-16,252.55,252.15,256.5,251.1,4.37M,0.18
4-Aug-16,252.1,254,254.85,250.2,8.66M,-0.24
3-Aug-16,252.7,260,260,251.25,10.99M,-3.11
2-Aug-16,260.8,251,262,251,16.78M,4.07
1-Aug-16,250.6,252,255.2,249.55,9.56M,-0.73
29-Jul-16,252.45,254.2,256.5,251.4,12.13M,-0.73
28-Jul-16,254.3,249.4,255.4,248.25,11.35M,2.79
27-Jul-16,247.4,251,253.7,246.3,8.90M,-1.73
26-Jul-16,251.75,251.65,253.55,250.5,6.82M,0
25-Jul-16,251.75,249.5,252,249,8.87M,0.76
22-Jul-16,249.85,253.15,256.2,247.15,15.78M,-0.3
21-Jul-16,250.6,253,253.5,246.5,11.72M,0.14
20-Jul-16,250.25,249.05,252,247.95,9.31M,0.48
19-Jul-16,249.05,249,250,245.6,6.72M,0.06
18-Jul-16,248.9,249.05,249.95,247.6,6.83M,0.02
15-Jul-16,248.85,249,252.55,247.55,9.35M,0.06
14-Jul-16,248.7,247,251,245.1,6.09M,0.65
13-Jul-16,247.1,248.45,249.2,246,4.34M,-0.52
12-Jul-16,248.4,250.95,251.95,247,4.14M,-0.3
11-Jul-16,249.15,248.3,251.6,246.75,7.27M,1.34
8-Jul-16,245.85,247.4,247.4,242.5,6.90M,-0.47
7-Jul-16,247,244.5,248.65,243.9,8.96M,1.42
5-Jul-16,243.55,245.85,247,242.2,8.99M,-0.55
4-Jul-16,244.9,254,254,244,14.00M,-2.95
1-Jul-16,252.35,243.3,259.75,242.6,27.94M,2.75
30-Jun-16,245.6,245.33,247.8,244.1,20.90M,0.57
29-Jun-16,244.2,246.63,246.63,242.67,11.55M,-0.6
28-Jun-16,245.67,240,246.1,239.3,15.70M,2.66
27-Jun-16,239.3,236.07,240.93,236.07,10.25M,1.37
24-Jun-16,236.07,235.03,240.07,233.47,12.05M,-1.71
23-Jun-16,240.17,236.67,241,236.67,8.66M,1.56
22-Jun-16,236.47,237.3,239.43,235.03,8.91M,-1.06
21-Jun-16,239,238.33,239.8,237,6.66M,0.13
20-Jun-16,238.7,240.33,240.67,236.73,8.69M,-0.5
17-Jun-16,239.9,236.9,240.47,236.9,8.98M,1.39
16-Jun-16,236.6,239.6,239.6,234.07,8.72M,-1.29
15-Jun-16,239.7,236,240,235.83,9.52M,1.77
14-Jun-16,235.53,233.93,236,231.87,7.56M,0.97
13-Jun-16,233.27,232.4,235.7,230.43,11.73M,-0.23
10-Jun-16,233.8,235.37,239.1,233.37,10.75M,-0.96
9-Jun-16,236.07,241.73,241.97,235.07,11.62M,-2.4
8-Jun-16,241.87,242.67,243.33,240.47,7.33M,0.02
7-Jun-16,241.83,238,242.5,238,10.60M,2.01
6-Jun-16,237.07,235.8,237.97,234.23,7.41M,0.48
3-Jun-16,235.93,239.9,239.9,235.03,7.11M,-1.15
2-Jun-16,238.67,239.9,240.33,235.47,13.20M,-0.94
1-Jun-16,240.93,235.33,241.47,235.33,11.95M,2.95
31-May-16,234.03,237.33,239.63,232.83,14.50M,-1.53
30-May-16,237.67,235.6,239,235.2,7.36M,-0.22
27-May-16,238.2,240.62,241.25,236.15,10.52M,-0.87
26-May-16,240.29,236.01,241.32,234.42,12.59M,1.8
25-May-16,236.05,232.3,236.97,231.94,9.96M,2.3
24-May-16,230.74,230.71,233.23,229.81,15.67M,0.34
23-May-16,229.95,231.8,235.02,225.07,52.82M,5
20-May-16,219.01,216.62,224.54,215.33,20.26M,1.69
19-May-16,215.36,221.43,221.43,213.8,8.59M,-2.36
18-May-16,220.57,217.18,221.96,215.99,7.62M,0.67
17-May-16,219.11,218.78,221.06,217.91,11.98M,0.33
16-May-16,218.38,211.02,218.78,210.22,12.97M,3.15
13-May-16,211.72,210.82,213.27,208.93,9.44M,0.37
12-May-16,210.95,211.52,212.88,208.9,5.57M,0.06
11-May-16,210.82,212.15,213.31,209.56,10.74M,-1.7
10-May-16,214.47,215.46,216.12,213.27,8.25M,-0.4
9-May-16,215.33,212.15,216.06,211.81,8.53M,2.24
6-May-16,210.62,207.47,211.75,202.86,15.58M,0.01
5-May-16,210.59,206.84,212.34,206.58,6.33M,1.6
4-May-16,207.27,208.83,211.81,205.62,6.17M,-1.08
3-May-16,209.53,213.21,214.43,208.17,10.71M,-1.59
2-May-16,212.91,214.3,214.8,211.75,3.26M,-1.17
29-Apr-16,215.43,214.23,216.19,212.21,10.33M,0.64
28-Apr-16,214.07,218.78,220.1,213.17,19.47M,-3.19
27-Apr-16,221.13,216.16,221.76,216.16,9.32M,1.88
26-Apr-16,217.05,207.64,217.68,207.17,14.47M,2.01
25-Apr-16,212.78,213.01,215.79,212.41,6.09M,-1.49
22-Apr-16,215.99,216.09,219.54,215.1,6.27M,-1.26
21-Apr-16,218.74,222.49,223.08,217.18,6.94M,-1.65
20-Apr-16,222.42,222.32,224.28,220.5,9.00M,0.03
18-Apr-16,222.36,222.09,224.31,219.47,14.20M,1.26
13-Apr-16,219.6,215.46,220.57,215.13,11.94M,2.74
12-Apr-16,213.74,215.46,215.89,212.81,5.96M,-1.48
11-Apr-16,216.95,213.47,217.65,210.16,13.83M,1.88
8-Apr-16,212.94,211.81,213.77,211.48,4.80M,0.55
7-Apr-16,211.78,216.79,216.79,211.48,10.03M,-1.98
6-Apr-16,216.06,216.69,218.05,215.46,6.64M,-0.17
5-Apr-16,216.42,217.52,219.01,214.93,8.63M,-1.29
4-Apr-16,219.24,216.79,220.76,216.16,13.68M,-1.59
1-Apr-16,222.79,216.19,223.28,215.79,14.30M,2.38
31-Mar-16,217.62,215.99,220.43,215.39,27.47M,0.28
30-Mar-16,217.02,212.54,218.28,212.54,13.90M,2.3
29-Mar-16,212.15,212.91,216.82,211.48,18.01M,-0.76
28-Mar-16,213.77,216.79,218.64,212.34,16.44M,-0.55
23-Mar-16,214.96,215.46,215.53,212.38,15.42M,0.34
22-Mar-16,214.23,217.78,219.31,213.64,19.05M,-2.51
21-Mar-16,219.74,216.62,222.89,216.29,16.16M,2.06
18-Mar-16,215.3,215.73,216.65,213.47,13.85M,0.34
17-Mar-16,214.57,214.3,215.46,213.14,12.55M,0.5
16-Mar-16,213.51,209.86,214.4,209.49,9.37M,1.75
15-Mar-16,209.83,216.12,216.12,208.83,15.61M,-2.63
14-Mar-16,215.49,213.8,216.12,213.47,7.42M,1.16
11-Mar-16,213.01,209.56,213.47,208.83,11.70M,1.65
10-Mar-16,209.56,211.98,213.34,207.41,13.40M,-1.19
9-Mar-16,212.08,210.16,212.61,207.31,20.13M,-0.11
8-Mar-16,212.31,209.49,214.8,209.49,12.62M,1.6
4-Mar-16,208.96,212.15,213.31,208.67,11.38M,-0.93
3-Mar-16,210.92,214.13,215.46,209.99,9.85M,-0.44
2-Mar-16,211.85,217.45,221.36,211.12,23.77M,-1.78
1-Mar-16,215.69,202.2,216.79,202.2,64.90M,10.05
29-Feb-16,196,192.26,199.98,177.67,76.49M,1.61
26-Feb-16,192.89,191.59,193.58,189.04,12.01M,1.66
25-Feb-16,189.74,188.68,192.46,188.28,14.57M,-0.49
24-Feb-16,190.67,194.25,195.84,189.61,13.82M,-2.11
23-Feb-16,194.78,197.53,197.53,194.01,8.86M,-2.02
22-Feb-16,198.79,200.64,200.64,194.51,14.70M,-1.54
19-Feb-16,201.9,202.2,202.93,199.55,6.93M,-0.3
18-Feb-16,202.5,199.88,203.33,199.45,9.39M,1.87
17-Feb-16,198.79,196.57,200.08,191.63,13.09M,1.48
16-Feb-16,195.9,201.87,202.86,194.68,10.58M,-2.7
15-Feb-16,201.34,200.88,202.86,197.83,12.02M,1.2
12-Feb-16,198.95,198.36,202.3,198.12,13.20M,0.52
11-Feb-16,197.93,205.98,205.98,197.2,14.04M,-3.38
10-Feb-16,204.85,206.91,207.47,203.53,7.87M,-1.09
9-Feb-16,207.11,207.67,208,205.35,11.47M,-0.9
8-Feb-16,209,215.33,215.39,208.33,6.27M,-2.68
5-Feb-16,214.76,214.13,216.09,213.47,6.50M,0.67
4-Feb-16,213.34,213.74,215.2,212.81,3.19M,-0.05
3-Feb-16,213.44,213.31,214.96,211.88,4.92M,-0.71
2-Feb-16,214.96,214.73,216.06,213.11,7.07M,-0.16
1-Feb-16,215.3,211.25,215.46,208.73,7.35M,1.42
29-Jan-16,212.28,214.04,216.12,210.06,12.50M,0.52
28-Jan-16,211.18,207.31,213.37,206.61,13.89M,1.79
27-Jan-16,207.47,205.15,208.3,203.49,8.51M,1.15
25-Jan-16,205.12,202.43,206.74,201.57,9.33M,0.21
22-Jan-16,204.69,204.85,207.34,200.61,15.24M,0.77
21-Jan-16,203.13,206.61,206.61,201.31,12.56M,-0.83
20-Jan-16,204.82,205.78,212.15,202.2,9.64M,-1.62
19-Jan-16,208.2,209,210.49,206.81,6.84M,-0.43
18-Jan-16,209.1,208.1,211.25,207.67,11.83M,0.48
15-Jan-16,208.1,208.9,210.42,207.04,7.98M,-1.06
14-Jan-16,210.32,207.94,211.32,207.01,11.49M,0.47
13-Jan-16,209.33,210.39,212.41,208.6,6.86M,0.19
12-Jan-16,208.93,209,210.09,207.17,6.95M,-0.29
11-Jan-16,209.53,205.52,210.02,205.35,6.88M,0.76
8-Jan-16,207.94,206.31,210.16,205.35,9.84M,1.31
7-Jan-16,205.25,208.04,208.04,204.62,11.81M,-1.75
6-Jan-16,208.9,216.79,216.79,208.53,15.23M,-3
5-Jan-16,215.36,215.53,216.39,214.83,5.82M,-0.08
4-Jan-16,215.53,215.79,216.19,213.17,5.91M,-0.73
1-Jan-16,217.12,217.18,218.11,215.89,1.48M,-0.09
31-Dec-15,217.32,215.79,218.78,214.37,8.03M,0.38
30-Dec-15,216.49,216.46,217.12,214.96,4.80M,0.52
29-Dec-15,215.36,216.42,217.45,214.37,4.44M,-0.42
28-Dec-15,216.26,213.94,216.82,213.77,9.08M,0.77
24-Dec-15,214.6,214.13,215.3,212.54,3.66M,0.68
23-Dec-15,213.14,213.47,214.8,212.15,5.27M,0.39
22-Dec-15,212.31,215.49,215.79,211.81,6.09M,-1.93
21-Dec-15,216.49,212.15,217.09,210.19,8.04M,2.98
18-Dec-15,210.22,212.74,214.13,209.76,14.23M,-1.06
17-Dec-15,212.48,211.95,213.31,209.69,8.68M,0.39
16-Dec-15,211.65,214.13,215.23,210.89,7.80M,-1.14
15-Dec-15,214.1,212.15,214.73,210.82,10.09M,0.89
14-Dec-15,212.21,212.15,213.74,210.26,7.29M,-0.28
11-Dec-15,212.81,212.81,213.77,209.1,9.01M,-0.08
10-Dec-15,212.97,210.49,213.31,210.16,8.33M,1.21
9-Dec-15,210.42,211.81,211.81,209,15.07M,0.84
8-Dec-15,208.67,206.18,210.95,205.91,19.00M,0.38
7-Dec-15,207.87,222.09,222.69,205.88,50.87M,-6.67
4-Dec-15,222.72,226.27,226.57,222.09,13.62M,-2.16
3-Dec-15,227.63,229.45,230.64,226.93,5.59M,-1.73
2-Dec-15,231.64,229.38,231.87,227,4.64M,0.91
1-Dec-15,229.55,228.85,230.05,226.07,10.13M,1.08
30-Nov-15,227.1,227.53,229.91,225.77,17.26M,-0.52
27-Nov-15,228.29,228.32,228.72,224.64,5.68M,0.45
26-Nov-15,227.26,222.85,228.72,221.99,9.42M,2.05
24-Nov-15,222.69,224.84,225.14,220.3,13.09M,-0.4
23-Nov-15,223.58,227.63,228.62,222.92,8.99M,-2.09
20-Nov-15,228.36,233.53,233.53,227.46,9.86M,-2.16
19-Nov-15,233.39,232.03,234.02,231.24,16.94M,1.21
18-Nov-15,230.61,232.7,232.8,228.12,9.97M,-0.36
17-Nov-15,231.44,226.86,232.2,224.81,11.57M,3.19
16-Nov-15,224.28,218.78,224.74,218.51,8.77M,2.58
13-Nov-15,218.64,219.04,221.29,216.85,18.63M,-1.33
11-Nov-15,221.59,224.68,224.74,220.83,793.04K,-0.74
10-Nov-15,223.25,225.94,228.75,222.19,7.23M,-1.84
9-Nov-15,227.43,219.77,228.06,219.01,12.00M,1.59
6-Nov-15,223.88,222.52,225.04,222.09,4.46M,0.16
5-Nov-15,223.52,221.43,224.87,220.93,5.39M,0.44
4-Nov-15,222.55,223.32,224.21,221.43,4.98M,0.25
3-Nov-15,221.99,223.28,224.68,220.63,3.91M,-0.7
2-Nov-15,223.55,220.76,225.21,218.74,10.33M,0.76
30-Oct-15,221.86,233,233,219.37,27.78M,-4.38
29-Oct-15,232.03,235.42,236.01,230.11,7.64M,-1.47
28-Oct-15,235.48,234.92,237.97,234.69,9.71M,-0.22
27-Oct-15,236.01,235.15,236.64,234.19,14.94M,-0.14
26-Oct-15,236.34,237.9,238.53,235.35,7.90M,-0.52
23-Oct-15,237.57,232.1,237.97,232.1,8.72M,2.81
21-Oct-15,231.07,231.44,232.03,230.48,5.47M,-0.03
20-Oct-15,231.14,232.37,232.86,230.58,7.39M,-0.67
19-Oct-15,232.7,230.71,233.36,228.85,11.19M,0.63
16-Oct-15,231.24,230.74,232.03,227.73,9.64M,-0.17
15-Oct-15,231.64,228.06,233.63,227.82,9.50M,1.54
14-Oct-15,228.12,228.19,229.15,227.06,9.08M,0.01
13-Oct-15,228.09,225.41,229.32,225.17,7.01M,0.97
12-Oct-15,225.9,227.43,230.97,224.64,6.07M,-0.79
9-Oct-15,227.69,226,228.59,225.54,5.53M,1.28
8-Oct-15,224.81,229.88,229.88,222.36,9.37M,-2.35
7-Oct-15,230.21,228.02,232.03,226.93,10.71M,1.28
6-Oct-15,227.29,220.1,227.82,217.98,10.72M,4.05
5-Oct-15,218.44,218.78,219.77,216.65,9.32M,0.22
1-Oct-15,217.95,216.82,221.33,216.82,6.21M,-0.01
30-Sep-15,217.98,213.47,218.68,212.15,13.46M,2.62
29-Sep-15,212.41,211.45,215.46,210.16,8.30M,0.36
28-Sep-15,211.65,214.23,215.46,211.09,6.36M,-1.02
24-Sep-15,213.84,208.7,214.37,208.5,14.12M,2.04
23-Sep-15,209.56,203.53,211.52,203.53,11.65M,1.27
22-Sep-15,206.94,209.43,210.99,205.52,14.94M,-0.67
21-Sep-15,208.33,209.76,210.36,207.77,6.80M,-1.18
18-Sep-15,210.82,215.46,217.45,208.67,12.83M,-1.29
16-Sep-15,213.57,211.25,214.04,210.29,5.59M,1.5
15-Sep-15,210.42,207.51,210.75,207.17,5.17M,1.19
14-Sep-15,207.94,208,208.96,206.58,7.47M,-0.03
11-Sep-15,208,208.63,209.59,206.94,6.71M,0.13
10-Sep-15,207.74,206.18,209.36,205.75,8.97M,-0.33
9-Sep-15,208.43,209,209.76,207.41,6.12M,0.48
8-Sep-15,207.44,207.57,209.23,205.72,10.24M,-0.17
7-Sep-15,207.8,209.69,211.81,206.28,7.11M,-1.15
4-Sep-15,210.22,212.15,213.14,208.67,15.72M,-0.91
3-Sep-15,212.15,211.72,215.26,211.55,10.09M,-0.03
2-Sep-15,212.21,211.42,214.17,208.93,13.01M,1.47
1-Sep-15,209.13,213.8,214.73,208.37,9.47M,-2.98
31-Aug-15,215.56,215.3,217.78,213.21,9.63M,-0.57
28-Aug-15,216.79,218.34,218.34,215.26,9.73M,0.4
27-Aug-15,215.92,214.47,217.15,209.73,20.04M,2.53
26-Aug-15,210.59,210.55,212.71,207.9,16.16M,-0.7
25-Aug-15,212.08,213.51,216.22,207.17,21.28M,-0.09
24-Aug-15,212.28,212.84,218.44,209.23,16.49M,-3.19
21-Aug-15,219.27,218.08,219.64,213.97,17.77M,0.43
20-Aug-15,218.34,210.89,219.01,209.73,18.01M,3.93
19-Aug-15,210.09,208.17,210.82,204.85,7.37M,0.65
18-Aug-15,208.73,209.83,211.22,207.24,9.08M,-0.65
17-Aug-15,210.09,211.68,212.01,209.16,4.33M,-0.39
14-Aug-15,210.92,210.49,212.31,208.57,7.60M,0.57
13-Aug-15,209.73,210.42,211.95,200.88,6.64M,-0.12
12-Aug-15,209.99,212.15,212.15,209.49,11.93M,-1.05
11-Aug-15,212.21,212.21,213.41,209.73,5.32M,-0.27
10-Aug-15,212.78,215.13,216.95,211.72,5.58M,-1.08
7-Aug-15,215.1,214.8,215.86,213.47,4.47M,-0.55
6-Aug-15,216.29,219.14,219.44,214.8,8.46M,-1.67
5-Aug-15,219.97,218.71,220.8,216.52,5.71M,0.58
4-Aug-15,218.71,219.74,219.8,215.16,9.94M,-0.5
3-Aug-15,219.8,216.12,221.1,215.53,14.35M,1.7
31-Jul-15,216.12,210.79,217.05,209.03,16.32M,3.18
30-Jul-15,209.46,201.54,210.72,198.89,19.97M,3.93
29-Jul-15,201.54,206.18,206.84,199.28,9.36M,-2.31
28-Jul-15,206.31,206.81,208.1,205.22,6.54M,-0.15
27-Jul-15,206.61,206.51,207.74,205.38,5.12M,-0.92
24-Jul-15,208.53,208.83,209.23,207.17,4.04M,-0.18
23-Jul-15,208.9,208.9,210.46,206.84,5.42M,0.19
22-Jul-15,208.5,206.91,210.79,205.98,7.76M,0.35
21-Jul-15,207.77,212.48,213.77,207.17,6.81M,-2.22
20-Jul-15,212.48,213.34,214.43,211.62,4.76M,-0.56
17-Jul-15,213.67,211.18,214.73,210.59,5.91M,1.37
16-Jul-15,210.79,208.7,212.08,207.04,5.62M,1.26
15-Jul-15,208.17,206.41,208.96,206.41,5.48M,0.55
14-Jul-15,207.04,208.14,209.83,205.95,5.26M,-0.73
13-Jul-15,208.57,207.51,209.76,204.82,6.38M,1.52
10-Jul-15,205.45,204.85,206.64,203.23,7.22M,-0.22
9-Jul-15,205.91,207.37,208.76,205.42,6.46M,-0.75
8-Jul-15,207.47,208.93,209.49,205.12,11.18M,-1.39
7-Jul-15,210.39,211.25,211.68,209.56,7.31M,-0.33
6-Jul-15,211.09,207.44,211.25,206.84,4.26M,0.89
3-Jul-15,209.23,208.37,210.09,207.07,4.93M,0.18
2-Jul-15,208.86,208.23,210.36,207.84,6.32M,0.46
1-Jul-15,207.9,209,209.76,207.17,8.52M,-0.49
30-Jun-15,208.93,205.65,210.06,204.22,11.21M,1.68
29-Jun-15,205.48,202.33,206.15,201.37,9.36M,0.65
26-Jun-15,204.16,207.07,207.07,203.56,5.30M,-1.41
25-Jun-15,207.07,205.91,209.13,205.35,10.48M,-0.42
24-Jun-15,207.94,208.96,210.89,206.21,7.10M,-0.28
23-Jun-15,208.53,205.78,208.83,203.93,7.30M,1.34
22-Jun-15,205.78,203,206.94,202,6.93M,1.77
19-Jun-15,202.2,200.74,202.5,200.48,8.43M,1.02
18-Jun-15,200.15,199.68,201.8,199.02,10.88M,0.27
17-Jun-15,199.62,197.89,200.94,197.06,10.48M,0.72
16-Jun-15,198.19,197.56,198.99,195.74,7.93M,0.15
15-Jun-15,197.89,196.9,200.71,194.91,8.36M,0.32
12-Jun-15,197.26,196.77,198.99,195.57,8.33M,0.17
11-Jun-15,196.93,200.21,200.21,195.7,11.09M,-1.35
10-Jun-15,199.62,199.28,201.14,197.96,9.50M,0.17
9-Jun-15,199.28,200.15,200.88,198.69,9.91M,-1.23
8-Jun-15,201.77,203.53,204.36,200.38,10.29M,0.01
5-Jun-15,201.74,199.85,204.12,195.57,16.95M,0.9
4-Jun-15,199.95,202.2,203.3,197.69,11.01M,-0.92
3-Jun-15,201.8,208.04,208.07,199.28,20.67M,-4.47
2-Jun-15,211.25,218.05,218.31,210.55,10.85M,-4.03
1-Jun-15,220.13,215.79,221.26,215.79,10.06M,1.51
29-May-15,216.85,213.47,218.74,211.25,19.80M,1.75
28-May-15,213.11,210.89,213.77,209.83,20.00M,1.18
27-May-15,210.62,208.83,211.32,208.17,9.13M,1.18
26-May-15,208.17,210.49,210.49,207.34,11.02M,-0.88
25-May-15,210.02,213.11,215.13,209.76,23.43M,-3.75
22-May-15,218.21,218.11,220.93,215.76,12.48M,0.53
21-May-15,217.05,220.76,221.03,216.12,7.18M,-1.37
20-May-15,220.07,220.43,221.56,219.11,5.16M,-0.18
19-May-15,220.47,219.94,222.69,219.27,8.57M,-0.13
18-May-15,220.76,216.99,221.36,216.29,6.91M,2.02
15-May-15,216.39,215.53,217.38,215.36,5.45M,0.52
14-May-15,215.26,216.79,216.79,213.74,8.04M,-0.96
13-May-15,217.35,216.69,218.64,212.81,10.63M,1.11
12-May-15,214.96,217.12,217.45,214.2,14.30M,-0.67
11-May-15,216.42,218.78,219.27,215.06,8.80M,-0.47
8-May-15,217.45,215.83,218.31,213.9,12.16M,1.69
7-May-15,213.84,211.15,214.6,209.23,10.60M,1.32
6-May-15,211.05,216.12,217.35,209.63,20.21M,-2.42
5-May-15,216.29,217.85,218.11,214.53,13.46M,-1.2
4-May-15,218.91,214.4,219.37,212.21,7.21M,2.44
30-Apr-15,213.7,217.32,217.71,212.94,20.04M,-1.77
29-Apr-15,217.55,222.12,222.75,216.99,10.09M,-2.78
28-Apr-15,223.78,228.65,228.72,221.16,10.69M,-2.12
27-Apr-15,228.62,231.31,233.23,228.19,9.37M,-0.89
24-Apr-15,230.68,226.73,232,226.17,17.32M,1.71
23-Apr-15,226.8,227.66,229.71,224.28,8.92M,-0.38
22-Apr-15,227.66,225.41,228.72,224.44,10.77M,0.42
21-Apr-15,226.7,226.63,231.17,226.07,10.89M,0.02
20-Apr-15,226.66,233.43,233.43,225.8,11.28M,-2.83
17-Apr-15,233.26,232.37,234.19,230.51,8.81M,0.5
16-Apr-15,232.1,233.92,236.28,229.81,7.87M,-1.37
15-Apr-15,235.32,234.69,237.74,232.96,17.49M,0.98
13-Apr-15,233.03,230.05,233.63,228.62,10.89M,1.4
10-Apr-15,229.81,230.05,230.44,226.9,5.59M,-0.15
9-Apr-15,230.15,229.98,231.34,228.06,7.67M,0.26
8-Apr-15,229.55,226.73,230.01,226.4,12.38M,1.66
7-Apr-15,225.8,226.13,227.39,223.42,10.55M,-0.12
6-Apr-15,226.07,218.34,226.5,218.18,19.32M,2.57
1-Apr-15,220.4,216.02,220.76,214.9,10.84M,2.03
31-Mar-15,216.02,217.98,217.98,214.8,12.28M,-0.52
30-Mar-15,217.15,211.91,218.44,211.91,16.52M,3.16
27-Mar-15,210.49,214.8,215.63,208.9,21.40M,-1.52
26-Mar-15,213.74,216.12,218.08,212.54,24.19M,-1.33
25-Mar-15,216.62,217.88,217.88,216.12,7.25M,0.06
24-Mar-15,216.49,216.85,218.64,216.12,10.72M,-0.26
23-Mar-15,217.05,216.36,218.64,215.46,11.39M,-0.02
20-Mar-15,217.09,221.23,221.23,216.39,10.57M,-1.77
19-Mar-15,221,224.41,225.97,219.77,10.46M,-0.98
18-Mar-15,223.18,226.23,226.23,222.75,8.76M,-0.99
17-Mar-15,225.41,225.07,225.84,222.92,10.94M,1.37
16-Mar-15,222.36,226.07,226.47,222.09,8.60M,-1.18
13-Mar-15,225.01,230.91,232.03,223.22,15.65M,-2.09
12-Mar-15,229.81,224.78,230.87,224.61,27.32M,2.5
11-Mar-15,224.21,225.64,225.87,223.78,12.70M,-0.1
10-Mar-15,224.44,225.41,227.2,222.16,13.04M,0.06
9-Mar-15,224.31,227.86,228.65,223.58,16.30M,-2.28
5-Mar-15,229.55,230.05,231.44,226.53,20.50M,0.58
4-Mar-15,228.22,228.72,232.57,227.33,32.17M,0.79
3-Mar-15,226.43,227.73,229.05,224.74,44.99M,-0.5
2-Mar-15,227.56,237.34,237.34,226.73,50.72M,-5.01
28-Feb-15,239.56,260.64,271.78,231.04,77.91M,-8.22
27-Feb-15,261.01,261.74,262.96,254.61,34.42M,-0.49
26-Feb-15,262.3,263.79,266.11,259.85,11.70M,-1.01
25-Feb-15,264.98,263.59,265.18,260.84,15.75M,1.01
24-Feb-15,262.33,259.88,263.86,257.66,8.24M,1.4
23-Feb-15,258.72,261.87,264.39,258.06,5.85M,-1.46
20-Feb-15,262.56,256.9,263.79,254.81,8.93M,1.74
19-Feb-15,258.06,260.51,261.01,254.31,6.98M,-1.02
18-Feb-15,260.71,255.24,266.51,255.24,13.67M,0.94
16-Feb-15,258.29,250.86,259.22,250.6,11.61M,3.06
13-Feb-15,250.63,246.09,251.43,245.33,9.03M,2.06
12-Feb-15,245.56,246.62,246.62,241.75,5.29M,-0.2
11-Feb-15,246.06,245.99,247.22,243.87,4.55M,0.34
10-Feb-15,245.23,244.03,246.62,243.24,8.01M,0.55
9-Feb-15,243.9,246.06,247.85,243.11,7.19M,-1.5
6-Feb-15,247.61,242.71,248.21,242.71,7.32M,1.25
5-Feb-15,244.56,242.58,246.69,241.12,9.48M,0.35
4-Feb-15,243.7,243.64,245.63,242.21,5.81M,0.42
3-Feb-15,242.68,239.63,243.3,239.63,6.30M,1.5
2-Feb-15,239.1,243.3,244.76,238.27,8.49M,-2.14
30-Jan-15,244.33,245.29,246.62,241.08,13.92M,-0.45
29-Jan-15,245.43,240.65,246.62,238.66,21.09M,2.18
28-Jan-15,240.19,238.66,240.95,237.04,12.32M,0.6
27-Jan-15,238.76,232.03,239.33,231.6,25.26M,3.06
23-Jan-15,231.67,234.32,235.98,231.24,16.75M,-0.34
22-Jan-15,232.47,234.02,238.53,231.27,29.63M,-0.58
21-Jan-15,233.82,247.25,247.25,231.5,32.45M,-4.96
20-Jan-15,246.02,238.07,246.52,237.4,12.01M,3.43
19-Jan-15,237.87,238.66,239.82,236.01,6.85M,-0.36
16-Jan-15,238.73,237.64,239.96,234.92,10.81M,0.62
15-Jan-15,237.27,234.09,238.6,232.63,16.05M,2.9
14-Jan-15,230.58,238.47,238.47,229.45,16.22M,-3.41
13-Jan-15,238.73,237.6,239.79,236.87,11.62M,0.63
12-Jan-15,237.24,236.97,239.56,236.08,9.87M,0.27
9-Jan-15,236.61,240.72,242.54,234.09,10.81M,-1.52
8-Jan-15,240.26,235.65,240.89,235.65,8.45M,2.5
7-Jan-15,234.39,236.68,241.32,234.02,11.96M,-1.86
6-Jan-15,238.83,244.4,244.9,238,13.09M,-2.57
5-Jan-15,245.13,244.43,246.49,243.67,8.24M,0.39
2-Jan-15,244.17,243.47,245.39,243.47,6.60M,0.32
1-Jan-15,243.4,243.7,244.56,242.64,2.54M,-0.42
31-Dec-14,244.43,244.6,245.69,243.64,3.68M,0.11
30-Dec-14,244.17,245.46,246.26,243.5,3.16M,-0.42
29-Dec-14,245.19,243.37,246.26,243.3,3.31M,0.52
26-Dec-14,243.93,247.22,247.22,242.91,2.91M,-0.93
24-Dec-14,246.22,248.28,250.9,243.47,20.62M,-0.87
23-Dec-14,248.38,247.91,250.27,247.15,5.07M,0.15
22-Dec-14,248.01,245.03,250.73,244.63,16.79M,1.44
19-Dec-14,244.5,249.24,249.24,243.64,9.43M,-1.61
18-Dec-14,248.51,250.93,250.93,241.98,6.26M,0.82
17-Dec-14,246.49,250.3,255.04,243.04,15.64M,-2.31
16-Dec-14,252.32,257.89,258.55,250.53,13.55M,-3.04
15-Dec-14,260.24,261.87,264.98,259.51,8.57M,-0.8
12-Dec-14,262.33,262.53,265.38,260.54,8.71M,-0.23
11-Dec-14,262.93,261.87,264.49,258.88,10.81M,0.4
10-Dec-14,261.87,262.36,262.86,256.13,9.29M,0.16
9-Dec-14,261.44,264.19,265.18,259.75,13.88M,-0.86
8-Dec-14,263.72,260.67,264.98,260.08,15.08M,1.65
5-Dec-14,259.45,253.91,259.88,253.68,16.28M,2.14
4-Dec-14,254.01,247.32,254.58,247.32,26.68M,5.48
3-Dec-14,240.82,242.64,242.64,236.74,7.86M,-0.7
2-Dec-14,242.51,241.58,243.24,241.05,8.59M,0.33
1-Dec-14,241.71,240.09,243.27,240.09,8.22M,0.4
28-Nov-14,240.75,239.06,242.64,238.66,10.46M,0.71
27-Nov-14,239.06,240.09,240.95,235.52,15.98M,-0.77
26-Nov-14,240.92,237.67,242.84,237.4,21.44M,2.25
25-Nov-14,235.61,248.08,251.13,231.14,25.21M,-5.22
24-Nov-14,248.58,246.62,249.24,246.62,8.57M,-0.32
21-Nov-14,249.37,245.39,249.74,245,6.65M,1.65
20-Nov-14,245.33,244.63,246.22,244.03,5.06M,0.6
19-Nov-14,243.87,245.46,250.1,243.04,12.72M,-0.65
18-Nov-14,245.46,244.8,246.42,243.64,9.54M,0.01
17-Nov-14,245.43,244.63,246.26,241.71,5.99M,0.27
14-Nov-14,244.76,244.03,245.72,243.54,7.48M,0.23
13-Nov-14,244.2,245.86,245.86,242.87,4.85M,-0.31
12-Nov-14,244.96,241.48,245.29,241.42,6.65M,1.48
11-Nov-14,241.38,245.49,246.75,240.35,7.22M,-2.05
10-Nov-14,246.42,236.01,246.95,235.81,23.58M,4.51
7-Nov-14,235.78,237.57,239,234.02,9.34M,-0.97
5-Nov-14,238.1,235.81,238.53,235.68,7.59M,1.04
3-Nov-14,235.65,236.61,237.11,234.16,7.44M,0.07
31-Oct-14,235.48,236.58,238.66,233.53,14.77M,0.09
30-Oct-14,235.28,234.09,237.17,233.03,14.85M,0.13
29-Oct-14,234.98,233.96,235.35,232.23,6.89M,1.23
28-Oct-14,232.13,232.86,233.23,231.27,4.91M,0.17
27-Oct-14,231.74,232.86,232.96,230.71,5.61M,-0.24
23-Oct-14,232.3,232.1,232.9,231.47,703.91K,0.4
22-Oct-14,231.37,233.66,234.02,231.04,8.14M,-0.67
21-Oct-14,232.93,233.43,233.96,230.71,6.48M,-0.18
20-Oct-14,233.36,235.35,237.24,232.57,8.04M,-0.55
17-Oct-14,234.65,233.29,238.6,232.93,11.28M,0.42
16-Oct-14,233.66,228.72,234.36,227.69,12.75M,1.57
14-Oct-14,230.05,232.4,233.36,227.73,7.81M,-1.01
13-Oct-14,232.4,233.96,233.96,230.18,5.51M,-0.72
10-Oct-14,234.09,241.71,242.18,233.59,5.17M,-3.39
9-Oct-14,242.31,242.68,244.17,241.22,5.98M,-0.05
8-Oct-14,242.44,240.65,243.93,240.16,8.34M,0.81
7-Oct-14,240.49,240.45,242.91,237.4,9.72M,-0.37
1-Oct-14,241.38,245.29,245.29,240.89,3.94M,-1.65
30-Sep-14,245.43,241.58,246.88,240.65,9.82M,1.12
29-Sep-14,242.71,245.76,247.22,241.65,3.01M,-1.51
26-Sep-14,246.42,248.31,249.57,244.37,10.18M,-1.31
25-Sep-14,249.7,250.27,251.86,246.82,13.12M,-0.15
24-Sep-14,250.07,245.69,251.26,245.56,10.12M,1.73
23-Sep-14,245.82,245.29,248.54,243.84,13.68M,0.01
22-Sep-14,245.79,238,246.62,236.94,12.63M,3.16
19-Sep-14,238.27,237.34,239.19,234.82,8.33M,0.2
18-Sep-14,237.8,235.42,238,234.16,6.35M,1.11
17-Sep-14,235.18,234.36,237.67,233.23,9.33M,0.45
16-Sep-14,234.12,233.1,235.55,232.03,7.80M,0.41
15-Sep-14,233.16,234.98,235.35,232.03,6.35M,-1.11
12-Sep-14,235.78,232.83,237.31,232.8,8.15M,1.27
11-Sep-14,232.83,232.73,233.99,231.7,8.81M,0.04
10-Sep-14,232.73,236.68,236.68,232.53,10.11M,-2
9-Sep-14,237.47,232.7,238.4,232.7,5.79M,1.2
8-Sep-14,234.65,234.02,235.35,232.2,6.32M,0.89
5-Sep-14,232.57,232.43,233.36,230.94,7.31M,0.12
4-Sep-14,232.3,231.77,233.92,231.44,8.79M,0.43
3-Sep-14,231.31,235.55,235.81,230.91,9.83M,-1.63
2-Sep-14,235.15,232.37,236.15,231.37,7.34M,1.18
1-Sep-14,232.4,237.34,237.34,231.8,7.07M,-1.34
28-Aug-14,235.55,233.36,236.68,233.26,12.61M,0.84
27-Aug-14,233.59,234.45,235.28,232.93,7.14M,-0.03
26-Aug-14,233.66,232,234.55,231.74,5.94M,0.9
25-Aug-14,231.57,229.85,232.03,227.79,4.05M,1.65
22-Aug-14,227.82,229.55,230.61,226.43,6.86M,-0.72
21-Aug-14,229.48,228.69,230.71,228.22,6.00M,0.35
20-Aug-14,228.69,232.7,232.7,227.99,6.84M,-1.05
19-Aug-14,231.11,232.7,233.59,230.28,7.75M,-0.59
18-Aug-14,232.47,235.08,235.35,229.75,6.96M,-1.74
14-Aug-14,236.58,236.58,239.89,235.35,6.62M,-0.12
13-Aug-14,236.87,231.7,237.34,230.38,10.39M,2.95
12-Aug-14,230.08,231.84,231.84,227.73,4.19M,-0.19
11-Aug-14,230.51,232.37,233.26,229.42,5.39M,-0.24
8-Aug-14,231.07,228.89,231.7,227.53,4.23M,0.66
7-Aug-14,229.55,229.61,232.47,227.69,4.74M,0.06
6-Aug-14,229.42,234.95,235.58,228.12,7.37M,-2.79
5-Aug-14,236.01,236.01,236.81,231.07,4.79M,0.42
4-Aug-14,235.02,234.69,235.35,231.57,6.24M,1.42
1-Aug-14,231.74,236.01,237.31,230.81,9.19M,-1.83
31-Jul-14,236.05,237.34,238.66,234.69,9.88M,-0.89
30-Jul-14,238.17,238.93,241.65,237.27,11.41M,0.57
28-Jul-14,236.81,235.52,237.5,235.08,4.33M,-0.03
25-Jul-14,236.87,236.68,238.13,233.63,8.18M,0.24
24-Jul-14,236.31,234.69,236.74,233.69,6.05M,0.79
23-Jul-14,234.45,234.36,235.35,231.47,7.75M,0.21
22-Jul-14,233.96,232.7,234.59,231.84,7.85M,0.87
21-Jul-14,231.94,228.72,232.03,228.12,7.87M,1.67
18-Jul-14,228.12,227.39,230.05,226.53,5.87M,-0.04
17-Jul-14,228.22,227.46,229.38,227.13,5.50M,0.01
16-Jul-14,228.19,226.53,228.85,225.41,8.28M,0.54
15-Jul-14,226.96,229.05,230.68,226.33,5.69M,-0.76
14-Jul-14,228.69,230.21,231.57,226.27,6.66M,-0.27
11-Jul-14,229.32,228.72,232.37,227.39,13.90M,1.1
10-Jul-14,226.83,225.77,231.37,223.42,40.86M,0.19
9-Jul-14,226.4,223.08,227.39,222.55,25.29M,1.7
8-Jul-14,222.62,221.43,223.71,219.77,15.22M,0.3
7-Jul-14,221.96,221.03,222.75,218.58,16.40M,0.42
4-Jul-14,221.03,220.23,222.16,218.74,10.31M,0.62
3-Jul-14,219.67,218.44,220.53,217.98,9.74M,0.61
2-Jul-14,218.34,216.22,218.91,215.79,8.96M,1.28
1-Jul-14,215.59,217.18,217.18,214.8,14.41M,0.05
30-Jun-14,215.49,212.54,217.05,212.51,21.49M,1.66
27-Jun-14,211.98,210.16,212.78,209.56,11.02M,1.11
26-Jun-14,209.66,208.83,210.72,207.84,13.15M,0.06
25-Jun-14,209.53,211.55,211.95,209.16,13.07M,-1.39
24-Jun-14,212.48,208.83,213.94,208.83,17.41M,1.76
23-Jun-14,208.8,222.09,222.09,207.17,32.14M,-6.18
20-Jun-14,222.55,223.08,224.24,221.03,6.73M,-0.17
19-Jun-14,222.92,221.99,223.35,220.9,8.46M,0.99
18-Jun-14,220.73,223.05,223.28,220.27,6.61M,-0.92
17-Jun-14,222.79,222.72,224.18,221.66,5.87M,-0.04
16-Jun-14,222.89,221.59,223.68,220.63,9.77M,1.08
13-Jun-14,220.5,223.32,223.32,220,8.10M,-0.45
12-Jun-14,221.49,221.43,222.89,219.54,9.82M,0.24
11-Jun-14,220.96,224.74,225.21,219.11,16.94M,-1.2
10-Jun-14,223.65,224.74,225.37,221.79,8.49M,-0.18
9-Jun-14,224.05,224.48,225.97,222.29,12.05M,0.37
6-Jun-14,223.22,222.09,224.64,220.8,15.43M,0.89
5-Jun-14,221.26,219.47,222.69,216.12,21.19M,0.84
4-Jun-14,219.41,220.43,221.29,217.95,15.07M,-0.73
3-Jun-14,221.03,220.96,222.42,219.44,10.78M,-0.96
2-Jun-14,223.18,226.73,227.46,222.36,10.86M,-1.5
30-May-14,226.57,228.59,228.59,222.85,11.05M,-0.22
29-May-14,227.06,228.72,230.71,225.67,15.31M,-0.1
28-May-14,227.29,228.06,228.19,225.8,6.25M,-0.28
27-May-14,227.92,228.72,230.44,226.86,6.85M,-0.25
26-May-14,228.49,229.25,230.58,225.5,12.33M,0.45
23-May-14,227.46,231.37,231.5,225.87,9.99M,-0.78
22-May-14,229.25,227.39,230.38,225.64,10.53M,1.21
21-May-14,226.5,225.11,227.33,224.54,10.66M,0.23
20-May-14,225.97,226.73,235.35,221.79,9.24M,0.81
19-May-14,224.15,238.66,239.33,223.08,24.23M,-5.28
16-May-14,236.64,245.16,256.9,233.69,38.85M,-3.04
15-May-14,244.07,242.41,245.09,241.42,9.56M,0.68
14-May-14,242.41,239.53,244.63,239.53,10.31M,1.33
13-May-14,239.23,238.66,241.88,237.34,11.04M,0.47
12-May-14,238.1,228.95,238.66,228.72,11.11M,3.94
9-May-14,229.08,227.26,231.5,226.23,7.91M,0.99
8-May-14,226.83,230.05,230.61,225.8,8.31M,-1.3
7-May-14,229.81,230.71,232.3,229.05,7.04M,-0.38
6-May-14,230.68,229.38,232.7,228.92,7.49M,0.95
5-May-14,228.52,225.74,229.05,225.74,6.56M,1.31
2-May-14,225.57,226.13,227.06,225.41,4.34M,-0.15
30-Apr-14,225.9,225.6,228.69,224.48,6.46M,0.13
29-Apr-14,225.6,226.07,227.33,224.41,6.43M,-0.5
28-Apr-14,226.73,229.02,229.02,225.41,7.29M,-0.42
25-Apr-14,227.69,234.49,236.01,227.06,6.86M,-2.76
23-Apr-14,234.16,233.36,235.35,231.07,11.32M,0.7
22-Apr-14,232.53,233.96,234.72,231.4,4.96M,-0.75
21-Apr-14,234.29,233.63,235.81,231.44,6.63M,0.04
17-Apr-14,234.19,230.18,234.52,228.06,8.21M,2.08
16-Apr-14,229.42,226.03,230.48,226.03,6.54M,1.5
15-Apr-14,226.03,227.2,228.02,223.22,6.93M,-0.75
11-Apr-14,227.73,227.26,228.59,225.64,11.68M,-0.1
10-Apr-14,227.96,230.84,231.84,227.39,10.62M,-1.18
9-Apr-14,230.68,229.12,231.7,227.39,9.05M,0.72
7-Apr-14,229.02,228.55,229.91,225.84,11.31M,0.21
4-Apr-14,228.55,229.98,231.24,226.93,10.31M,-0.34
3-Apr-14,229.32,228.45,230.48,225.9,10.36M,0.45
2-Apr-14,228.29,233.76,234.02,225.64,25.12M,-2.16
1-Apr-14,233.33,234.36,234.42,229.28,9.88M,-0.25
31-Mar-14,233.92,238.1,239.33,231.8,12.00M,-1.57
28-Mar-14,237.64,239.66,239.66,234.69,9.37M,-0.4
27-Mar-14,238.6,238,240.45,236.05,25.48M,0.24
26-Mar-14,238.03,240.65,241.02,234.52,14.59M,-1.04
25-Mar-14,240.52,238,241.98,237.8,8.67M,0.59
24-Mar-14,239.1,236.05,240.85,235.58,10.54M,1.14
22-Mar-14,236.41,236.81,237.14,235.75,182.49K,-0.31
21-Mar-14,237.14,236.34,237.8,233.73,10.78M,0.53
20-Mar-14,235.88,237.7,237.7,233.56,11.04M,-1.09
19-Mar-14,238.47,236.01,238.66,235.71,8.51M,1.07
18-Mar-14,235.95,232.03,236.68,230.48,13.24M,2.51
14-Mar-14,230.18,226.8,230.81,225.41,6.64M,1.11
13-Mar-14,227.66,226.3,229.91,226.27,6.03M,0.7
12-Mar-14,226.07,221.63,227.39,221.59,10.33M,2.1
11-Mar-14,221.43,222.36,222.95,217.98,9.01M,-0.48
10-Mar-14,222.49,222.75,224.08,221.59,9.00M,-0.75
7-Mar-14,224.18,220.17,225.01,219.44,20.05M,1.08
6-Mar-14,221.79,220.57,222.19,219.01,5.68M,0.38
5-Mar-14,220.96,219.94,221.39,218.41,6.07M,0.5
4-Mar-14,219.87,219.04,221.43,217.58,9.29M,0.74
3-Mar-14,218.25,217.32,219.41,216.16,9.40M,0.47
28-Feb-14,217.22,215.43,220.1,215.43,11.91M,-0.33
26-Feb-14,217.95,214,218.68,213.8,11.93M,2.11
25-Feb-14,213.44,211.55,213.74,211.55,5.35M,0.59
24-Feb-14,212.18,209.49,212.48,209.49,4.15M,0.77
21-Feb-14,210.55,207.84,210.72,207.24,6.88M,1.84
20-Feb-14,206.74,209.49,210.12,206.44,6.81M,-1.52
19-Feb-14,209.93,210.69,211.38,209.56,3.23M,-0.08
18-Feb-14,210.09,212.15,213.17,209.59,5.85M,-1
17-Feb-14,212.21,212.81,213.64,210.52,4.95M,0.09
14-Feb-14,212.01,210.89,212.34,208.63,5.81M,0.91
13-Feb-14,210.09,212.61,214.13,209,4.14M,-1.14
12-Feb-14,212.51,215.79,216.79,211.48,9.12M,-1.4
11-Feb-14,215.53,214.86,216.29,213.84,7.58M,0.03
10-Feb-14,215.46,213.84,215.69,212.81,6.82M,0.48
7-Feb-14,214.43,216.79,216.79,212.28,11.93M,-0.34
6-Feb-14,215.16,212.15,215.66,209.83,11.60M,1.75
5-Feb-14,211.45,213.8,215.3,210.49,9.12M,-1.83
4-Feb-14,215.39,211.15,215.96,209.43,12.88M,1.44
3-Feb-14,212.34,213.9,215.3,211.95,6.62M,-1.48
31-Jan-14,215.53,215.39,215.92,213.54,9.38M,0.15
30-Jan-14,215.2,213.17,215.92,210.82,15.34M,-0.12
29-Jan-14,215.46,216.99,217.78,214.93,9.13M,-0.5
28-Jan-14,216.55,214.9,217.42,211.42,13.11M,0.75
27-Jan-14,214.93,212.48,215.79,211.25,9.24M,-0.01
24-Jan-14,214.96,217.38,219.04,214.4,5.13M,-1.43
23-Jan-14,218.08,216.36,218.78,215.66,6.29M,0.49
22-Jan-14,217.02,217.78,217.95,214,11.37M,-0.52
21-Jan-14,218.15,218.94,220.33,217.78,6.98M,-0.35
20-Jan-14,218.91,215.13,219.11,214.2,8.61M,1.65
17-Jan-14,215.36,216.12,217.45,213.8,11.28M,-0.2
16-Jan-14,215.79,218.11,219.37,214.57,4.75M,-1.02
15-Jan-14,218.01,215.53,218.44,213.04,8.85M,1.35
14-Jan-14,215.1,216.12,218.78,214.7,7.57M,-0.31
13-Jan-14,215.76,214.53,216.32,213.87,6.36M,0.88
10-Jan-14,213.87,210.62,215.13,208.17,9.19M,2.22
9-Jan-14,209.23,209.96,209.96,207.27,7.66M,-0.4
8-Jan-14,210.06,210.49,210.82,208,7.48M,0.05
7-Jan-14,209.96,209.83,210.42,207.34,7.78M,0.33
6-Jan-14,209.26,208.83,209.96,207.84,8.16M,0.28
3-Jan-14,208.67,208.83,209.49,205.75,12.00M,-0.06
2-Jan-14,208.8,213.7,215.46,208.37,6.78M,-2.31
1-Jan-14,213.74,213.67,214.4,212.88,1.86M,0.17
31-Dec-13,213.37,214.13,214.8,212.34,5.21M,-0.17
30-Dec-13,213.74,213.47,214.8,212.15,5.76M,-0.01
27-Dec-13,213.77,212.81,214.57,212.15,8.18M,0.69
26-Dec-13,212.31,211.55,213.07,210.62,15.46M,0.37
24-Dec-13,211.52,211.98,212.15,210.49,6.60M,-0.05
23-Dec-13,211.62,208.96,212.08,208.73,8.74M,1.27
20-Dec-13,208.96,208.17,209.43,205.75,15.03M,0.49
19-Dec-13,207.94,210.16,210.49,206.25,11.23M,-0.6
18-Dec-13,209.2,209.03,210.59,207.37,11.98M,0.08
17-Dec-13,209.03,208.73,209.39,206.91,8.17M,0.8
16-Dec-13,207.37,208.4,208.83,205.98,6.39M,-0.79
13-Dec-13,209.03,209.23,210.49,207.07,7.16M,-0.47
12-Dec-13,210.02,212.71,213.47,209.3,6.25M,-1.26
11-Dec-13,212.71,210.16,213.31,210.16,10.51M,0.93
10-Dec-13,210.75,207.67,211.15,207.51,16.11M,1.55
9-Dec-13,207.54,209.49,210.55,205.95,9.38M,0.64
6-Dec-13,206.21,205.35,207.07,204.49,12.72M,0.74
5-Dec-13,204.69,209.49,211.12,203.89,15.41M,-1.31
4-Dec-13,207.41,211.48,211.75,206.74,6.59M,-1.99
3-Dec-13,211.62,213.44,213.44,210.46,5.57M,-0.71
2-Dec-13,213.14,212.78,214.6,211.25,5.09M,0.34
29-Nov-13,212.41,207.54,212.81,207.54,7.47M,2.2
28-Nov-13,207.84,209.49,210.02,206.84,10.17M,-0.21
27-Nov-13,208.27,204.89,208.96,204.89,7.36M,1.1
26-Nov-13,206.01,209,209.63,204.89,10.22M,-1.73
25-Nov-13,209.63,206.41,210.09,206.18,6.52M,2.43
22-Nov-13,204.65,208.8,209.43,204.02,8.95M,-1.36
21-Nov-13,207.47,211.68,212.15,206.25,9.99M,-2.43
20-Nov-13,212.64,214.37,216.02,212.15,11.26M,-0.85
19-Nov-13,214.47,216.72,217.22,213.8,7.18M,-0.8
18-Nov-13,216.19,209.49,216.79,209.49,12.53M,3.7
14-Nov-13,208.47,206.84,210.82,206.84,6.43M,0.1
13-Nov-13,208.27,212.15,212.15,207.84,7.40M,-1.8
12-Nov-13,212.08,210.82,212.74,210.02,6.39M,1.02
11-Nov-13,209.93,210.75,213.41,207.57,9.42M,-0.91
8-Nov-13,211.85,212.71,214.6,210.29,6.66M,-0.28
7-Nov-13,212.44,211.52,214.67,208.83,10.82M,0.55
6-Nov-13,211.28,212.15,213.84,210.29,9.11M,-0.09
5-Nov-13,211.48,218.18,218.71,210.89,19.51M,-3.51
3-Nov-13,219.17,219.44,220.07,218.84,1.48M,0.78
1-Nov-13,217.48,220.86,221.43,216.79,10.34M,-2.08
31-Oct-13,222.09,219.67,223.08,219.01,16.45M,0.57
30-Oct-13,220.83,218.44,221.1,215.83,15.70M,1.59
29-Oct-13,217.38,216.99,220.13,214.13,17.06M,-0.02
28-Oct-13,217.42,224.08,224.08,216.32,20.20M,-3.56
25-Oct-13,225.44,228.65,230.05,222.75,8.80M,-0.79
24-Oct-13,227.23,227,230.94,225.54,9.66M,0.34
23-Oct-13,226.47,226.83,228.39,224.41,7.10M,0.02
22-Oct-13,226.43,227,228.59,225.74,6.53M,-0.91
21-Oct-13,228.52,235.35,236.01,227.39,9.77M,-2.78
18-Oct-13,235.05,230.51,236.08,228.82,11.75M,2.62
17-Oct-13,229.05,225.41,229.71,224.87,6.74M,1.61
15-Oct-13,225.41,224.74,227.26,221,7.52M,0.06
14-Oct-13,225.27,227.73,227.73,224.51,4.02M,-0.7
11-Oct-13,226.86,231.11,232,225.87,5.35M,-1.43
10-Oct-13,230.15,229.85,232.57,228.52,5.13M,-0.4
9-Oct-13,231.07,230.38,232.37,227.76,7.78M,0.26
8-Oct-13,230.48,226.9,231.14,225.14,8.39M,2.24
7-Oct-13,225.44,224.68,226.03,220.1,7.84M,0.06
4-Oct-13,225.31,224.58,226.57,222.32,6.66M,0.33
3-Oct-13,224.58,229.38,229.38,223.42,11.57M,-1.24
1-Oct-13,227.39,225.64,227.73,224.08,6.40M,0.76
30-Sep-13,225.67,228.95,229.71,224.31,8.33M,-2.15
27-Sep-13,230.64,232.63,232.63,228.75,8.28M,-0.4
26-Sep-13,231.57,227.59,232.03,226.07,11.85M,1.32
25-Sep-13,228.55,231.7,232.03,223.32,10.85M,-1.21
24-Sep-13,231.34,230.24,234.45,228.85,12.60M,-0.26
23-Sep-13,231.94,232.76,236.68,229.81,7.87M,-1.53
20-Sep-13,235.55,235.28,237.34,229.58,12.85M,-0.04
19-Sep-13,235.65,230.97,236.34,230.87,14.78M,3.46
18-Sep-13,227.76,226.07,228.72,224.87,10.13M,1.43
17-Sep-13,224.54,220.17,225.27,219.8,6.58M,1.42
16-Sep-13,221.39,222.12,224.74,219.01,10.65M,0.78
13-Sep-13,219.67,223.98,224.68,218.74,11.01M,-1.53
12-Sep-13,223.08,219.94,224.68,218.28,16.21M,1.98
11-Sep-13,218.74,222.75,223.42,216.82,11.30M,-1.77
10-Sep-13,222.69,212.15,224.34,211.48,18.16M,6.16
6-Sep-13,209.76,207.51,211.35,205.72,11.03M,1.36
5-Sep-13,206.94,204.02,209.76,203.86,13.62M,4.1
4-Sep-13,198.79,202.2,202.2,194.64,20.96M,-0.28
3-Sep-13,199.35,213.07,214.57,195.97,20.21M,-6.15
2-Sep-13,212.41,205.52,214.67,204.72,13.71M,3.79
30-Aug-13,204.65,202.86,206.84,198.89,17.06M,1.03
29-Aug-13,202.57,198.69,204.85,195.57,17.36M,2.47
28-Aug-13,197.69,196.24,202.07,189.08,20.71M,0.1
27-Aug-13,197.49,203.03,203.36,192.69,17.31M,-3.12
26-Aug-13,203.86,205.68,207.27,202.9,8.70M,-0.32
23-Aug-13,204.52,204.65,205.42,199.58,14.74M,0.18
22-Aug-13,204.16,199.55,205.98,192.26,20.12M,2.36
21-Aug-13,199.45,212.15,212.74,196.33,14.92M,-4.58
20-Aug-13,209.03,206.97,213.94,200.88,18.71M,0.45
19-Aug-13,208.1,212.41,213.37,205.52,12.38M,-2.03
16-Aug-13,212.41,221.43,224.08,210.49,18.00M,-4.32
14-Aug-13,221.99,220.86,223.42,218.18,9.64M,0.19
13-Aug-13,221.56,223.68,224.87,220.5,14.91M,-0.43
12-Aug-13,222.52,218.71,223.75,215.46,18.35M,3.17
8-Aug-13,215.69,213.54,216.92,212.41,9.12M,1.01
7-Aug-13,213.54,219.44,220.6,211.15,11.84M,-2.47
6-Aug-13,218.94,222.32,222.62,218.11,11.11M,-1.54
5-Aug-13,222.36,220.93,226.03,220.2,8.64M,0.74
2-Aug-13,220.73,225.41,228.06,218.54,9.04M,-1.9
1-Aug-13,225.01,227.73,231.4,223.45,9.55M,-0.67
31-Jul-13,226.53,232.03,235.28,222.79,19.96M,-2.54
30-Jul-13,232.43,235.75,237.74,231.37,5.59M,-2.06
29-Jul-13,237.31,241.98,243.77,235.75,7.96M,-2.77
26-Jul-13,244.07,239.1,247.12,231.8,17.56M,2.58
25-Jul-13,237.94,247.88,247.95,235.85,21.24M,-4.5
24-Jul-13,249.14,248.94,251.92,244.56,10.69M,0.01
23-Jul-13,249.11,245.53,249.34,244.93,7.41M,1.89
22-Jul-13,244.5,243.47,245.63,242.94,5.95M,-0.07
19-Jul-13,244.66,244.3,246.55,242.11,8.10M,0.11
18-Jul-13,244.4,244.13,246.55,241.85,11.44M,0.08
17-Jul-13,244.2,239.33,245.56,239.16,17.97M,2.3
16-Jul-13,238.7,230.71,239.99,230.71,9.76M,2.11
15-Jul-13,233.76,233.59,234.26,230.58,6.66M,0.57
12-Jul-13,232.43,234.19,234.19,230.44,6.39M,-0.79
11-Jul-13,234.29,233.26,234.95,229.25,6.92M,2.27
10-Jul-13,229.08,231.31,231.31,227.46,6.72M,-0.55
9-Jul-13,230.34,229.02,231.94,229.02,6.94M,0.21
8-Jul-13,229.85,226.2,231.11,224.58,7.95M,1.2
5-Jul-13,227.13,226.73,228.72,225.8,6.82M,1.11
4-Jul-13,224.64,216.46,225.27,216.36,9.65M,3.83
3-Jul-13,216.36,214.67,217.12,212.25,10.14M,0.46
2-Jul-13,215.36,215.46,216.49,213.8,9.03M,-0.34
1-Jul-13,216.09,215.46,216.65,213.8,13.29M,0.49
28-Jun-13,215.03,213.87,218.78,212.97,13.82M,0.83
27-Jun-13,213.27,216.06,216.72,210.19,15.45M,-0.39
26-Jun-13,214.1,213.31,216.72,211.28,13.19M,1.01
25-Jun-13,211.95,209.83,213.14,206.18,12.46M,1.69
24-Jun-13,208.43,212.38,215.86,206.41,12.69M,-2.47
21-Jun-13,213.7,213.47,215.33,210.49,10.08M,-0.11
20-Jun-13,213.94,217.35,217.38,211.48,15.62M,-2.18
19-Jun-13,218.71,218.74,219.24,216.92,6.81M,-0.08
18-Jun-13,218.88,219.14,220.17,217.65,8.10M,-0.51
17-Jun-13,220,220.63,220.63,216.19,5.11M,0.03
14-Jun-13,219.94,218.38,220.76,216.29,8.11M,1.45
13-Jun-13,216.79,218.21,219.01,214.47,12.35M,-1.21
12-Jun-13,219.44,220.63,221.39,217.48,10.11M,-1
11-Jun-13,221.66,221.96,223.58,220.76,9.87M,-0.79
10-Jun-13,223.42,221.46,224.08,221.33,4.78M,0.94
7-Jun-13,221.33,220.76,224.41,219.54,6.52M,-0.31
6-Jun-13,222.02,221.43,223.25,218.84,6.39M,0.27
5-Jun-13,221.43,222.42,223.38,219.01,8.37M,-0.98
4-Jun-13,223.62,222.65,224.54,222.16,9.25M,0.37
3-Jun-13,222.79,225.84,226.66,220.9,7.28M,-1.13
31-May-13,225.34,233.03,233.03,224.48,11.13M,-4.07
30-May-13,234.89,227,235.95,226.66,16.89M,3.4
29-May-13,227.16,226.07,227.49,223.71,6.84M,0.78
28-May-13,225.41,220.53,226.63,220.5,8.20M,1.83
27-May-13,221.36,218.78,221.83,218.44,8.01M,1.21
24-May-13,218.71,221.43,221.53,217.91,10.61M,-0.78
23-May-13,220.43,221.03,222.72,219.01,7.73M,-0.91
22-May-13,222.45,218.21,223.42,218.21,9.76M,1.37
21-May-13,219.44,221.43,222.36,218.01,7.71M,-1.09
20-May-13,221.86,222.09,226.8,221.43,11.08M,-0.07
17-May-13,222.02,224.51,226.37,220.83,24.40M,-0.63
16-May-13,223.42,226.17,227.73,220.53,11.08M,-1.59
15-May-13,227.03,224.11,228.02,222.75,12.40M,1.97
14-May-13,222.65,224.68,225.31,220.8,10.20M,0.01
13-May-13,222.62,234.69,234.69,221.66,16.42M,-5.18
11-May-13,234.79,233.36,235.32,232.96,473.56K,0.29
10-May-13,234.12,227.79,234.79,226.73,9.90M,2.51
9-May-13,228.39,228.36,229.35,226.5,6.00M,0.5
8-May-13,227.26,223.25,228.59,221.66,7.13M,2.24
7-May-13,222.29,216.19,222.75,216.19,7.67M,2.79
6-May-13,216.26,218.78,220.43,215.73,3.96M,-1.36
3-May-13,219.24,220.86,221.03,218.05,8.68M,-0.85
2-May-13,221.13,217.15,222.06,215.59,9.19M,1.43
30-Apr-13,218.01,216.12,222.49,216.12,12.82M,1.29
29-Apr-13,215.23,210.89,215.46,209.93,6.20M,1.8
26-Apr-13,211.42,210.49,212.05,209.96,6.46M,-0.3
25-Apr-13,212.05,209.06,214.3,208.96,18.56M,0.71
23-Apr-13,210.55,210.49,210.82,208.2,4.37M,0.19
22-Apr-13,210.16,207.94,210.82,207.54,6.82M,0.54
18-Apr-13,209.03,206.25,209.83,205.72,8.83M,0.7
17-Apr-13,207.57,204.19,208.17,203.59,11.27M,1.67
16-Apr-13,204.16,198.79,204.79,197.36,10.08M,2.67
15-Apr-13,198.85,193.58,199.48,191.73,11.25M,2.4
12-Apr-13,194.18,190.83,196,189.61,12.94M,2.66
11-Apr-13,189.14,190.67,191.49,187.85,15.28M,0.16
10-Apr-13,188.84,192.92,192.92,186.39,13.42M,-0.82
9-Apr-13,190.4,194.41,195.87,189.57,9.32M,-1.93
8-Apr-13,194.15,193.88,194.78,189.34,7.56M,0.53
5-Apr-13,193.12,198.52,198.52,192.26,10.56M,-2.75
4-Apr-13,198.59,203.46,203.76,197.96,6.66M,-2.62
3-Apr-13,203.93,203.49,205.12,201.77,7.24M,0.15
2-Apr-13,203.63,203.26,204.59,201.8,6.13M,-0.01
1-Apr-13,203.66,204.85,205.45,202.67,4.06M,-0.73
28-Mar-13,205.15,203.99,205.52,201.94,12.48M,1.01
26-Mar-13,203.1,200.88,204.19,200.21,8.98M,1.31
25-Mar-13,200.48,202.96,204.19,199.72,9.20M,-1.05
22-Mar-13,202.6,203.13,203.53,200.98,7.70M,0.2
21-Mar-13,202.2,203.69,204.12,201.67,14.06M,-0.72
20-Mar-13,203.66,202.2,204.19,201.64,15.23M,0.3
19-Mar-13,203.06,203.53,203.86,201.31,12.76M,0.67
18-Mar-13,201.7,199.42,202.47,199.25,6.06M,0.77
15-Mar-13,200.15,200.25,200.88,199.65,9.44M,0
14-Mar-13,200.15,199.98,201.47,198.89,8.28M,0.09
13-Mar-13,199.98,197.56,200.71,197.56,11.21M,0.94
12-Mar-13,198.12,196.83,199.19,195.7,6.04M,0.44
11-Mar-13,197.26,197.56,198.56,196.57,6.63M,-0.05
8-Mar-13,197.36,195.21,198.22,193.88,9.02M,1.83
7-Mar-13,193.82,189.7,195.44,189.11,15.83M,1.85
6-Mar-13,190.3,196.14,196.14,189.84,14.40M,-1.9
5-Mar-13,193.98,194.71,197.36,192.26,15.23M,0.04
4-Mar-13,193.91,193.09,194.94,188.68,13.73M,0.42
1-Mar-13,193.09,195.57,197.36,191.59,16.86M,-1.2
28-Feb-13,195.44,196.14,201.47,193.05,48.34M,0
27-Feb-13,195.44,193.58,197.16,193.09,15.95M,1.36
26-Feb-13,192.82,194.25,197.79,191.46,10.62M,-0.61
25-Feb-13,194.01,194.18,195.47,191.66,8.25M,0.22
22-Feb-13,193.58,196.24,197.73,192.66,9.78M,-1.55
21-Feb-13,196.63,198.56,199.22,195.41,15.48M,-1.14
20-Feb-13,198.89,200.84,202.67,198.46,11.08M,-0.55
19-Feb-13,199.98,198.89,200.58,197.89,5.59M,0.45
18-Feb-13,199.09,199.19,199.48,198.06,11.20M,-0.1
15-Feb-13,199.28,198.56,200.18,198.46,7.01M,-0.05
14-Feb-13,199.38,199.12,200.18,198.29,11.56M,0.13
13-Feb-13,199.12,199.55,201.87,198.36,10.59M,0.1
12-Feb-13,198.92,197.89,199.52,197.56,6.63M,0.3
11-Feb-13,198.32,200.88,201.21,196.6,8.05M,-0.86
8-Feb-13,200.05,200.21,203.1,198.36,11.29M,-0.75
7-Feb-13,201.57,200.91,202.47,200.21,6.48M,-0.26
6-Feb-13,202.1,201.11,202.8,199.62,12.33M,0.79
5-Feb-13,200.51,202.2,203.33,200.21,7.98M,-1.56
4-Feb-13,203.69,205.12,206.11,203.03,11.61M,-0.7
1-Feb-13,205.12,204.02,205.48,201.9,9.91M,0.57
31-Jan-13,203.96,202.63,205.12,200.94,13.79M,1.14
30-Jan-13,201.67,202.07,203.49,198.89,11.14M,-0.31
29-Jan-13,202.3,198.29,203.36,198.29,14.33M,1.46
28-Jan-13,199.38,198.89,199.68,197.83,8.35M,0.33
25-Jan-13,198.72,198.22,199.22,197,20.65M,0.77
24-Jan-13,197.2,194.25,197.96,194.15,20.12M,1.61
23-Jan-13,194.08,191.93,194.54,191.43,11.72M,1.25
22-Jan-13,191.69,193.32,193.42,190.93,12.64M,-0.82
21-Jan-13,193.28,191.59,193.58,189.8,20.16M,1.42
18-Jan-13,190.57,190.07,192.16,188.71,24.56M,0.76
17-Jan-13,189.14,187.68,190.17,186.62,12.21M,0.46
16-Jan-13,188.28,188.91,189.51,187.25,8.93M,-0.04
15-Jan-13,188.35,184.47,189.08,182.15,17.81M,2.23
14-Jan-13,184.24,181.35,184.63,181.35,10.28M,1.65
11-Jan-13,181.25,185.46,186.09,180.39,13.91M,-2.71
10-Jan-13,186.29,185.66,186.95,184.63,12.52M,0.53
9-Jan-13,185.3,188.78,189.41,184.77,10.67M,-2.17
8-Jan-13,189.41,185.06,189.74,185.06,13.43M,2.38
7-Jan-13,185,188.48,188.94,184.63,12.17M,-1.19
4-Jan-13,187.22,188.81,188.81,185.69,9.04M,-0.4
3-Jan-13,187.98,189.67,189.94,187.48,6.52M,-0.65
2-Jan-13,189.21,190.93,191.96,188.61,9.80M,-0.64
1-Jan-13,190.43,190.5,191.73,190.04,3.98M,0.15
31-Dec-12,190.14,191,191.89,189.61,3.42M,-0.9
28-Dec-12,191.86,190.4,192.26,190.4,5.08M,0.35
27-Dec-12,191.2,193.91,194.08,190.6,10.65M,-0.72
26-Dec-12,192.59,190.6,192.92,189.37,6.48M,1.2
24-Dec-12,190.3,191.86,192.75,189.87,7.33M,0
21-Dec-12,190.3,189.37,191.89,186.62,35.54M,-0.02
20-Dec-12,190.33,192.22,192.32,189.64,11.47M,-1.03
19-Dec-12,192.32,193.82,195.84,191.43,15.20M,-1.02
18-Dec-12,194.31,194.64,196.24,192.32,6.36M,0.02
17-Dec-12,194.28,194.61,195.57,193.42,5.68M,-0.98
14-Dec-12,196.2,194.01,196.83,192.42,6.71M,0.24
13-Dec-12,195.74,202.27,202.47,193.78,18.42M,-3.5
12-Dec-12,202.83,201.14,203.2,201.11,6.98M,0.88
11-Dec-12,201.07,200.18,202.67,199.58,8.55M,0.44
10-Dec-12,200.18,199.28,200.64,197.56,4.06M,0.15
7-Dec-12,199.88,199.38,200.88,198.12,5.13M,0.05
6-Dec-12,199.78,197.86,200.35,195.57,8.86M,1.16
5-Dec-12,197.49,195.31,198.19,195.31,8.91M,0.93
4-Dec-12,195.67,195.41,196.37,194.25,4.63M,-0.34
3-Dec-12,196.33,197.23,197.76,195.01,5.49M,-0.79
30-Nov-12,197.89,196.33,198.22,194.78,8.57M,0.17
29-Nov-12,197.56,194.94,198.85,194.68,15.52M,1.28
27-Nov-12,195.07,190.33,195.57,190.27,9.35M,2.49
26-Nov-12,190.33,190.77,190.93,188.94,2.14M,0.17
23-Nov-12,190,191.56,191.56,187.55,3.80M,-0.83
22-Nov-12,191.59,190.57,191.76,188.68,6.13M,1.01
21-Nov-12,189.67,185.99,190.43,184.7,8.28M,1.98
20-Nov-12,185.99,187.95,188.78,185.1,6.72M,-0.41
19-Nov-12,186.75,181.68,187.42,180.99,8.23M,2.56
16-Nov-12,182.08,183.97,186.32,181.09,8.21M,-0.65
15-Nov-12,183.27,187.52,187.52,182.68,12.21M,-2.62
13-Nov-12,188.21,189.47,189.51,187.62,1.01M,0.03
12-Nov-12,188.15,190.87,192.26,187.75,5.33M,-1.51
9-Nov-12,191.03,190.96,192.52,190,3.81M,-0.29
8-Nov-12,191.59,190.93,193.22,190.57,3.75M,-0.33
7-Nov-12,192.22,192.16,192.75,190.3,6.32M,0.28
6-Nov-12,191.69,191.53,193.05,189.57,5.82M,0.17
5-Nov-12,191.36,188.31,191.59,187.52,5.84M,1.92
2-Nov-12,187.75,186.62,190.14,186.56,10.68M,1.4
1-Nov-12,185.16,186.99,187.48,183.77,6.57M,-1.15
31-Oct-12,187.32,188.91,189.31,186.52,5.70M,-0.55
30-Oct-12,188.35,190.37,191.2,188.01,5.18M,-1.44
29-Oct-12,191.1,189.61,192.26,189.44,4.44M,0.84
26-Oct-12,189.51,192.99,193.52,189.04,6.25M,-2.12
25-Oct-12,193.62,193.12,194.91,191.36,11.91M,0.71
23-Oct-12,192.26,195.47,195.47,191.26,5.30M,-1.36
22-Oct-12,194.91,197.56,197.76,193.02,10.99M,-1.18
19-Oct-12,197.23,193.19,198.22,192.39,20.22M,2.02
18-Oct-12,193.32,191.26,193.58,189.7,12.71M,1.16
17-Oct-12,191.1,189.77,191.83,189.01,4.38M,0.63
16-Oct-12,189.9,188.94,191.2,188.35,6.83M,-0.11
15-Oct-12,190.1,187.68,190.63,185.69,5.15M,1.14
12-Oct-12,187.95,188.78,189.08,186.69,4.88M,0
11-Oct-12,187.95,185,188.71,183.21,8.79M,0.89
10-Oct-12,186.29,185.3,186.82,184.3,6.00M,0.34
9-Oct-12,185.66,184.63,186.46,184.17,5.78M,0.83
8-Oct-12,184.14,182.78,185.23,181.68,8.60M,0.77
5-Oct-12,182.74,183.31,185.63,146.02,12.24M,0.13
4-Oct-12,182.51,179.2,183.27,179.2,9.90M,1.87
3-Oct-12,179.16,181.32,181.48,177.41,12.84M,-1.1
1-Oct-12,181.15,179.99,182.31,179.4,7.57M,0.31
28-Sep-12,180.59,176.68,180.89,176.41,14.17M,2.04
27-Sep-12,176.98,175.09,177.67,173.76,18.49M,1.2
26-Sep-12,174.89,174.16,175.42,172.67,15.39M,1.15
25-Sep-12,172.9,169.65,173.56,169.05,10.70M,1.93
24-Sep-12,169.62,173.36,173.43,168.42,11.32M,-2.2
21-Sep-12,173.43,171.04,175.39,170.28,18.02M,2.01
20-Sep-12,170.02,168.85,170.58,168.13,10.86M,0.89
18-Sep-12,168.52,168.36,171.21,166.93,13.16M,0.27
17-Sep-12,168.06,178.04,178.24,166.47,28.47M,-5.5
14-Sep-12,177.84,180.06,180.85,176.91,16.52M,-0.52
13-Sep-12,178.77,178.43,179.2,177.64,5.42M,0.13
12-Sep-12,178.53,177.51,179,176.88,5.54M,0.74
11-Sep-12,177.21,175.42,177.57,174.42,3.74M,1
10-Sep-12,175.45,174.95,176.01,173.86,6.38M,0.49
8-Sep-12,174.59,174.19,174.85,174.09,210.40K,0.23
7-Sep-12,174.19,174.36,174.82,172.63,10.29M,0.88
6-Sep-12,172.67,177.04,177.31,172.43,6.90M,-2.73
5-Sep-12,177.51,176.35,178.53,176.35,6.39M,0.47
4-Sep-12,176.68,177.08,178.24,176.11,3.90M,-0.41
3-Sep-12,177.41,178.34,178.9,176.58,5.98M,-0.02
31-Aug-12,177.44,179,179.33,176.55,7.84M,-1.09
30-Aug-12,179.4,178.27,181.15,176.41,23.96M,0.46
29-Aug-12,178.57,178.27,178.87,176.84,5.84M,0.45
28-Aug-12,177.77,175.92,178,175.92,5.81M,1.05
27-Aug-12,175.92,175.72,176.51,175.02,2.57M,0.08
24-Aug-12,175.78,174.82,176.55,173.76,10.74M,0.34
23-Aug-12,175.19,173.83,175.65,173.36,7.57M,1
22-Aug-12,173.46,172.47,174.42,171.94,4.44M,0.34
21-Aug-12,172.87,173.76,173.83,171.94,9.57M,-0.51
17-Aug-12,173.76,171.11,174.62,171.11,7.81M,1.45
16-Aug-12,171.27,177.24,178,170.71,14.65M,-3.53
14-Aug-12,177.54,176.94,178.6,175.48,5.32M,0.34
13-Aug-12,176.94,177.24,178.3,175.15,7.21M,-0.32
10-Aug-12,177.51,175.35,178.34,175.22,8.28M,0.81
9-Aug-12,176.08,173.3,176.91,173.3,7.56M,1.55
8-Aug-12,173.4,173.03,174.72,171.97,6.93M,0.1
7-Aug-12,173.23,171.41,173.6,170.45,5.09M,1.12
6-Aug-12,171.31,172.77,173.66,170.71,2.88M,-0.37
3-Aug-12,171.94,172.27,172.97,170.81,3.73M,-0.8
2-Aug-12,173.33,172.37,173.69,171.71,5.25M,0.93
1-Aug-12,171.74,171.01,172.04,169.92,2.87M,0.35
31-Jul-12,171.14,171.37,172.9,169.48,8.78M,-0.02
30-Jul-12,171.18,169.62,171.57,168.72,8.14M,1.28
27-Jul-12,169.02,168.82,169.45,166.93,9.64M,2.21
26-Jul-12,165.37,169.58,170.38,164.48,21.08M,-2.08
25-Jul-12,168.89,166.07,169.25,164.74,7.94M,1.78
24-Jul-12,165.94,166.24,167.33,164.81,5.29M,0.3
23-Jul-12,165.44,166.67,166.8,164.78,3.85M,-1.31
20-Jul-12,167.63,167.66,169.02,167.26,2.85M,-0.49
19-Jul-12,168.46,168.79,169.75,167.53,4.43M,-0.33
18-Jul-12,169.02,169.98,170.18,168.23,4.95M,-0.22
17-Jul-12,169.39,168.03,169.72,167.53,4.70M,1.37
16-Jul-12,167.1,167.53,168.79,166.37,2.55M,-0.59
13-Jul-12,168.09,166.63,168.69,165.97,3.50M,0.73
12-Jul-12,166.87,168.06,170.25,166.5,4.76M,-0.63
11-Jul-12,167.93,170.28,170.91,167.53,7.36M,-1.97
10-Jul-12,171.31,166.9,171.84,165.14,9.06M,2.69
9-Jul-12,166.83,166.17,168.99,166.07,6.68M,-0.44
6-Jul-12,167.56,166.4,168.06,164.88,6.91M,0.85
5-Jul-12,166.14,163.75,166.4,163.29,5.62M,1.81
4-Jul-12,163.19,164.94,165.01,162.09,8.55M,-0.14
3-Jul-12,163.42,165.74,165.9,162.72,15.08M,-1.42
2-Jul-12,165.77,171.81,172.63,164.05,14.74M,-3.42
29-Jun-12,171.64,166.83,172.37,166.83,13.68M,3.03
28-Jun-12,166.6,164.41,167.53,163.85,12.66M,1.41
27-Jun-12,164.28,164.61,165.47,163.92,5.05M,0.31
26-Jun-12,163.78,165.31,165.64,163.29,6.13M,-1.2
25-Jun-12,165.77,165.74,168.32,165.14,5.24M,-0.18
22-Jun-12,166.07,165.74,167.73,163.58,3.95M,-0.36
21-Jun-12,166.67,162.82,167.06,162.76,6.96M,2.18
20-Jun-12,163.12,165.34,165.51,162.32,6.28M,-1.34
19-Jun-12,165.34,160.9,165.74,160.9,9.33M,2.55
18-Jun-12,161.23,164.08,165.74,160.77,5.11M,-1.93
15-Jun-12,164.41,162.39,164.94,161.76,10.44M,1.34
14-Jun-12,162.23,161.13,164.84,161.13,8.80M,0.27
13-Jun-12,161.79,160.67,162.36,160.53,5.59M,0.41
12-Jun-12,161.13,157.22,161.93,156.16,6.51M,1.38
11-Jun-12,158.94,157.65,159.77,156.79,4.97M,0.23
8-Jun-12,158.58,156.95,159.97,155.63,7.08M,1.21
7-Jun-12,156.69,156.19,158.65,154.2,9.90M,0.77
6-Jun-12,155.5,149.76,157.12,149.76,15.40M,3.83
5-Jun-12,149.76,152.98,154.27,149.17,7.61M,-1.83
4-Jun-12,152.55,154.07,155.3,152.05,6.03M,-1.6
1-Jun-12,155.03,151.75,155.6,151.75,10.13M,1.96
31-May-12,152.05,151.95,154.14,150.82,30.87M,-1.1
30-May-12,153.74,153.08,155.36,152.81,8.15M,0.43
29-May-12,153.08,156.29,156.42,152.48,7.91M,-1.76
28-May-12,155.83,154.47,156.46,153.87,5.30M,1.38
25-May-12,153.71,154.47,156.46,153.01,13.70M,-0.64
24-May-12,154.7,153.61,155.6,153.14,8.68M,0.71
23-May-12,153.61,153.18,154.47,152.48,6.54M,-0.45
22-May-12,154.3,157.32,158.58,152.55,10.25M,-0.9
21-May-12,155.7,158.88,159.74,155.13,6.22M,-1.96
18-May-12,158.81,153.97,159.77,152.48,12.56M,2.04
17-May-12,155.63,151.82,156.89,151.82,15.20M,3.28
16-May-12,150.69,151.82,153.14,150.09,7.65M,-1.54
15-May-12,153.04,154.14,156.19,152.55,7.62M,-1.56
14-May-12,155.46,155.13,156.46,153.81,4.98M,0.1
11-May-12,155.3,157.58,157.92,153.37,7.82M,-2.09
10-May-12,158.61,160.04,161.36,156.69,9.77M,-0.27
9-May-12,159.04,152.48,159.77,150.56,19.97M,5.73
8-May-12,150.42,157.12,160.37,148.4,17.03M,-4
7-May-12,156.69,155.79,158.45,154.7,7.58M,-0.75
4-May-12,157.88,160.04,162.39,157.35,9.59M,-1.47
3-May-12,160.24,162.69,163.05,159.77,5.65M,-1.18
2-May-12,162.16,162.79,164.31,161.43,7.18M,-0.37
30-Apr-12,162.76,164.41,165.28,162.49,4.78M,-0.56
28-Apr-12,163.68,163.72,164.25,163.42,150.68K,0.45
27-Apr-12,162.95,164.88,167.63,162.39,9.28M,-1.31
26-Apr-12,165.11,163.35,165.67,162.09,10.55M,1.26
25-Apr-12,163.05,162.69,163.62,160.8,6.29M,0.36
24-Apr-12,162.46,162.52,162.92,157.68,9.39M,0.12
23-Apr-12,162.26,162.76,164.21,161.79,9.89M,-0.18
20-Apr-12,162.56,161.5,164.02,160.87,6.33M,0.48
19-Apr-12,161.79,160.9,162.29,158.28,9.55M,0.95
18-Apr-12,160.27,163.29,164.45,159.57,13.02M,-1.81
17-Apr-12,163.22,162.82,164.08,158.81,8.16M,2.13
16-Apr-12,159.81,156.29,160.44,155.56,5.95M,2.04
13-Apr-12,156.62,155.63,159.67,154.34,14.55M,0.64
12-Apr-12,155.63,151.58,155.79,151.58,19.55M,2.18
11-Apr-12,152.31,151.75,152.55,150.09,9.47M,0.17
10-Apr-12,152.05,148.63,152.48,148.01,8.23M,2.36
9-Apr-12,148.54,149.56,150.52,148.01,5.19M,-1.47
4-Apr-12,150.76,150.16,151.75,149.56,7.15M,0.13
3-Apr-12,150.56,151.25,151.39,150.19,8.82M,0.07
2-Apr-12,150.46,150.76,151.39,149.6,14.60M,0.03
30-Mar-12,150.42,148.9,151.05,148.8,13.71M,1.04
29-Mar-12,148.87,148.5,150.72,147.01,16.73M,-0.99
28-Mar-12,150.36,149.83,151.09,148.9,8.84M,0.33
27-Mar-12,149.86,148.4,150.66,147.18,11.36M,1.5
26-Mar-12,147.64,147.84,148.7,146.51,10.33M,0.12
23-Mar-12,147.47,146.78,149,145.68,11.78M,1.25
22-Mar-12,145.65,148.3,150.29,144.62,16.53M,-1.85
21-Mar-12,148.4,148.24,149.1,146.41,16.11M,0.11
20-Mar-12,148.24,146.15,148.83,145.25,16.09M,1.41
19-Mar-12,146.18,143.86,148.3,142.83,35.50M,2.01
16-Mar-12,143.3,138.06,149.17,138.06,65.86M,3.47
15-Mar-12,138.49,140.55,141.28,137.76,15.58M,-1.7
14-Mar-12,140.88,139.22,141.44,139.22,9.82M,1.65
13-Mar-12,138.59,137.23,138.89,137.23,8.74M,1.09
12-Mar-12,137.1,139.49,139.49,136.64,5.74M,-0.7
9-Mar-12,138.06,139.98,141.04,137.6,14.83M,-0.81
7-Mar-12,139.19,139.22,139.88,137.96,7.87M,-0.22
6-Mar-12,139.49,137,140.35,136.04,15.07M,1.65
5-Mar-12,137.23,135.97,137.86,135.04,12.06M,0.97
3-Mar-12,135.91,135.94,136.44,135.24,301.00K,-0.12
2-Mar-12,136.07,137.3,137.6,134.85,8.56M,-0.77
1-Mar-12,137.13,137.63,139.15,135.77,7.61M,-0.39
29-Feb-12,137.66,139.88,141.21,137,13.29M,-1.45
28-Feb-12,139.68,140.65,141.54,139.25,13.15M,-0.76
27-Feb-12,140.75,139.22,141.14,138.23,17.41M,1.39
24-Feb-12,138.82,138.29,139.85,138.09,9.09M,0.38
23-Feb-12,138.29,138.46,139.29,136.34,16.35M,0.02
22-Feb-12,138.26,137.23,138.82,136.64,12.92M,0.55
21-Feb-12,137.5,136.2,138.36,136.2,15.41M,0.95
17-Feb-12,136.2,135.34,136.5,134.65,16.50M,0.73
16-Feb-12,135.21,134.91,135.64,133.98,13.78M,0.39
15-Feb-12,134.68,134.65,135.24,133.98,15.54M,0.3
14-Feb-12,134.28,134.31,135.04,133.92,6.38M,-0.13
13-Feb-12,134.45,135.11,135.74,134.02,7.09M,-0.49
10-Feb-12,135.11,135.14,135.77,133.92,10.26M,-0.05
9-Feb-12,135.18,134.94,135.84,133.92,7.60M,-0.27
8-Feb-12,135.54,136.54,137.53,133.92,11.35M,-0.54
7-Feb-12,136.27,135.51,136.5,133.98,12.03M,1.56
6-Feb-12,134.18,133.92,134.51,132.76,10.59M,0.87
3-Feb-12,133.02,131.93,133.42,130.6,12.93M,0.8
2-Feb-12,131.96,133.95,134.08,131.53,11.00M,-1.26
1-Feb-12,133.65,134.81,134.85,132.79,8.71M,-1.15
31-Jan-12,135.21,134.51,135.77,133.45,11.61M,1.55
30-Jan-12,133.15,133.92,135.01,132.36,12.41M,-0.47
27-Jan-12,133.78,137.56,137.56,132.39,15.33M,-2.06
25-Jan-12,136.6,136.9,137.23,135.74,10.41M,0.04
24-Jan-12,136.54,135.97,137.4,135.38,9.34M,0.66
23-Jan-12,135.64,133.69,135.91,131.53,13.26M,1.64
20-Jan-12,133.45,139.19,140.08,132.46,25.82M,-3.78
19-Jan-12,138.69,139.45,139.88,138.06,9.32M,-0.29
18-Jan-12,139.09,137.46,139.68,137.23,10.00M,0.67
17-Jan-12,138.16,138.56,139.35,137.1,10.23M,-0.33
16-Jan-12,138.62,137.13,139.02,136.9,9.40M,0.98
13-Jan-12,137.27,135.84,137.7,135.44,11.49M,1.03
12-Jan-12,135.87,134.58,136.17,134.41,7.39M,0.81
11-Jan-12,134.78,136.01,136.3,134.25,8.11M,-0.9
10-Jan-12,136.01,134.05,136.4,134.05,5.41M,1.56
9-Jan-12,133.92,133.69,134.12,132.39,7.41M,0.17
7-Jan-12,133.69,134.25,134.25,133.55,247.52K,-0.22
6-Jan-12,133.98,131.96,134.65,131.5,8.79M,1.15
5-Jan-12,132.46,131.96,132.59,131,11.36M,0.13
4-Jan-12,132.29,133.59,133.72,131.6,11.88M,-0.4
3-Jan-12,132.82,132.49,133.62,132.13,6.07M,0.85
2-Jan-12,131.7,133.82,133.82,131.2,2.86M,-1.31
30-Dec-11,133.45,133.02,134.58,132.76,3.47M,0.29
29-Dec-11,133.06,133.42,134.85,132.59,9.70M,-0.66
28-Dec-11,133.95,136.3,136.37,133.59,4.70M,-1.46
27-Dec-11,135.94,135.84,136.57,134.12,6.99M,0.05
26-Dec-11,135.87,134.85,136.47,134.45,5.77M,0.47
23-Dec-11,135.24,135.51,135.91,134.08,8.28M,0.12
22-Dec-11,135.08,133.19,135.24,132.92,9.44M,0.75
21-Dec-11,134.08,133.45,134.55,132.29,10.46M,1.43
20-Dec-11,132.19,131.93,133.09,131.36,12.98M,0.96
19-Dec-11,130.93,129.08,131.27,127.49,10.92M,0.86
16-Dec-11,129.81,131.96,134.81,128.61,10.05M,-1.9
15-Dec-11,132.33,131.93,133.59,130.9,14.56M,-0.12
14-Dec-11,132.49,130.83,133.59,130.6,16.18M,1.27
13-Dec-11,130.83,129.61,131.27,129.31,7.39M,0.68
12-Dec-11,129.94,131.83,132.16,129.14,10.16M,-0.58
9-Dec-11,130.7,130.67,131.66,129.08,8.38M,-0.93
8-Dec-11,131.93,135.87,136.7,130.93,10.15M,-2.9
7-Dec-11,135.87,135.91,137.89,134.94,11.33M,0.39
5-Dec-11,135.34,136.57,137.63,134.35,5.82M,-1.14
2-Dec-11,136.9,134.94,137.23,134.25,7.34M,1.4
1-Dec-11,135.01,135.24,136.5,134.71,9.85M,1.47
30-Nov-11,133.06,130.64,133.59,130.17,15.34M,1.42
29-Nov-11,131.2,130.93,131.53,129.61,9.54M,0.74
28-Nov-11,130.24,129.24,131.76,128.05,6.88M,2.19
25-Nov-11,127.45,127.16,128.22,126.89,7.97M,-0.03
24-Nov-11,127.49,128.25,129.87,125.73,16.38M,-0.52
23-Nov-11,128.15,130.07,130.07,125.5,13.43M,-1.48
22-Nov-11,130.07,134.15,134.35,129.41,13.81M,-1.63
21-Nov-11,132.23,133.02,134.05,131.33,14.46M,-1.16
18-Nov-11,133.78,136.73,137.5,132.66,12.06M,-2.87
17-Nov-11,137.73,140.71,140.71,136.64,8.24M,-2.28
16-Nov-11,140.94,139.22,141.81,138.06,8.52M,0.92
15-Nov-11,139.65,139.75,141.64,139.06,7.77M,-0.41
14-Nov-11,140.22,141.44,142.73,139.65,7.47M,-0.54
11-Nov-11,140.98,140.28,142.54,139.45,10.67M,0.31
9-Nov-11,140.55,139.65,142.2,139.22,11.10M,0.57
8-Nov-11,139.75,139.29,140.61,138.23,7.16M,0.22
4-Nov-11,139.45,140.05,140.38,139.09,7.13M,0.07
3-Nov-11,139.35,138.13,139.75,137.89,6.43M,0.4
2-Nov-11,138.79,137.89,139.82,137.56,7.60M,0.51
1-Nov-11,138.09,140.22,140.88,137.7,15.95M,-2.28
31-Oct-11,141.31,142.77,142.87,140.41,9.94M,-1.09
28-Oct-11,142.87,142.34,143.33,141.14,18.26M,1.56
26-Oct-11,140.68,140.55,141.34,139.78,2.52M,0.54
25-Oct-11,139.92,137.83,141.21,136.57,17.23M,1.98
24-Oct-11,137.2,135.24,137.89,135.24,13.88M,1.45
21-Oct-11,135.24,136.4,137,134.81,8.61M,-0.51
20-Oct-11,135.94,136.4,136.9,135.34,7.77M,-0.99
19-Oct-11,137.3,136.04,137.73,135.11,6.89M,1.4
18-Oct-11,135.41,135.48,136.44,134.65,4.26M,-0.73
17-Oct-11,136.4,135.67,136.7,134.91,6.86M,0.26
14-Oct-11,136.04,133.49,136.5,133.49,8.59M,1.64
13-Oct-11,133.85,134.25,136.17,133.29,6.11M,-1.03
12-Oct-11,135.24,132.59,135.57,132.33,9.68M,2.23
11-Oct-11,132.29,133.59,134.18,132.03,7.56M,-0.28
10-Oct-11,132.66,131.27,133.52,130.97,10.44M,0.48
7-Oct-11,132.03,131.1,132.76,128.61,34.23M,2.6
5-Oct-11,128.68,127.35,130.87,127.35,19.02M,1.27
4-Oct-11,127.06,128.45,129.41,125.03,18.38M,-1.39
3-Oct-11,128.85,129.48,130.67,128.18,7.69M,-1.84
30-Sep-11,131.27,133.92,133.92,130.7,10.31M,-2.1
29-Sep-11,134.08,129.77,134.55,129.77,18.19M,2.61
28-Sep-11,130.67,128.55,130.93,127.78,19.58M,1.89
27-Sep-11,128.25,125.96,128.58,125.8,9.45M,2.62
26-Sep-11,124.97,127.88,127.88,122.65,9.71M,-1.64
23-Sep-11,127.06,126.03,128.88,125.33,12.52M,0.37
22-Sep-11,126.59,130.17,130.47,125.99,11.35M,-3.37
21-Sep-11,131,131.9,132.36,130.3,4.39M,-0.46
20-Sep-11,131.6,129.81,132.06,129.41,8.20M,1.61
19-Sep-11,129.51,131.27,131.4,129.18,7.43M,-1.31
16-Sep-11,131.23,132.59,133.15,130.83,13.47M,-0.73
15-Sep-11,132.19,133.82,133.82,129.97,7.80M,-0.03
14-Sep-11,132.23,130.87,132.59,128.68,7.91M,1.22
13-Sep-11,130.64,130.37,132.23,129.74,7.84M,0.44
12-Sep-11,130.07,130.07,131.43,129.08,7.63M,-0.73
9-Sep-11,131.03,132.39,133.09,130.27,12.08M,-0.76
8-Sep-11,132.03,132.82,133.62,131.33,7.05M,-0.44
7-Sep-11,132.62,134.58,134.94,132.26,10.78M,-1.36
6-Sep-11,134.45,133.92,134.81,132.79,12.16M,0.03
5-Sep-11,134.41,134.58,135.14,132.72,12.20M,-0.25
2-Sep-11,134.75,136.57,136.9,130.37,19.31M,1.63
30-Aug-11,132.59,135.24,135.24,131.93,10.49M,-0.96
29-Aug-11,133.88,131.27,134.58,129.28,11.87M,2.59
26-Aug-11,130.5,134.51,134.71,129.11,9.32M,-2.72
25-Aug-11,134.15,134.02,135.11,133.25,12.91M,0.2
24-Aug-11,133.88,134.48,135.44,132.13,7.47M,-0.62
23-Aug-11,134.71,133.92,135.38,131.93,17.82M,0.59
22-Aug-11,133.92,131.46,134.45,130.3,9.15M,1.41
19-Aug-11,132.06,133.92,135.74,131.36,19.47M,-2.28
18-Aug-11,135.14,135.57,136.57,134.41,10.75M,-0.2
17-Aug-11,135.41,132.59,135.91,132.26,14.54M,1.87
16-Aug-11,132.92,133.42,133.88,131.27,9.75M,1.26
12-Aug-11,131.27,132.39,133.22,129.61,12.32M,-0.37
11-Aug-11,131.76,129.94,132.59,129.64,9.55M,0.83
10-Aug-11,130.67,133.92,134.48,129.94,13.91M,-1.33
9-Aug-11,132.43,126.13,133.98,126.03,28.80M,2.44
8-Aug-11,129.28,128.55,131.13,125.73,13.50M,-0.71
5-Aug-11,130.2,129.28,131.27,126.29,20.14M,-1.78
4-Aug-11,132.56,135.84,137.07,132.06,15.75M,-3.33
3-Aug-11,137.13,134.81,138.03,134.35,9.99M,1.02
2-Aug-11,135.74,137.7,138.13,134.48,11.47M,-1.99
1-Aug-11,138.49,139.22,140.05,137.96,10.66M,0.26
29-Jul-11,138.13,136.24,140.05,136.07,19.93M,1.02
28-Jul-11,136.73,131.5,137.23,131.5,24.41M,2.66
27-Jul-11,133.19,134.08,134.22,131.63,7.73M,0
26-Jul-11,133.19,135.91,137,132.36,9.48M,-2.19
25-Jul-11,136.17,137.23,137.43,134.68,13.97M,-0.97
22-Jul-11,137.5,138.23,138.69,136.97,13.74M,0.15
21-Jul-11,137.3,135.57,137.76,135.57,7.40M,0.66
20-Jul-11,136.4,135.24,137.46,134.91,12.61M,0.81
19-Jul-11,135.31,134.25,135.87,133.65,6.13M,1.21
18-Jul-11,133.69,134.25,134.51,133.02,2.94M,-0.04
15-Jul-11,133.75,134.28,134.98,133.29,4.22M,-0.62
14-Jul-11,134.58,135.21,135.91,132.82,12.73M,-0.49
13-Jul-11,135.24,133.85,135.91,133.85,9.81M,1.16
12-Jul-11,133.69,133.59,135.91,132.76,8.19M,-0.46
11-Jul-11,134.31,133.15,135.11,132.92,6.96M,1.02
8-Jul-11,132.96,135.08,135.97,132.36,9.73M,-1.4
7-Jul-11,134.85,130.67,135.21,130.67,12.00M,3.41
6-Jul-11,130.4,129.61,131.03,128.81,9.04M,0.53
5-Jul-11,129.71,132.49,132.49,129.44,12.50M,-1.56
4-Jul-11,131.76,134.65,135.31,131.43,8.89M,-1.39
1-Jul-11,133.62,136.9,136.9,132.66,10.84M,-0.69
30-Jun-11,134.55,132.36,135.24,132.29,17.45M,1.71
29-Jun-11,132.29,128.78,132.56,128.78,11.51M,2.94
28-Jun-11,128.51,128.75,128.91,126.29,6.68M,0.12
27-Jun-11,128.35,128.02,129.81,127.62,9.40M,-0.77
24-Jun-11,129.34,127.12,130.27,127.12,16.68M,1.91
23-Jun-11,126.92,123.04,127.12,122.22,11.57M,3.37
22-Jun-11,122.78,122.91,123.81,120.66,8.91M,0.19
21-Jun-11,122.55,124.3,125.23,122.15,6.81M,-0.86
20-Jun-11,123.61,127.88,127.88,122.18,12.23M,-2.76
17-Jun-11,127.12,128.68,129.81,126.82,7.38M,-1.16
16-Jun-11,128.61,128.95,129.48,127.95,6.69M,-0.08
15-Jun-11,128.71,128.58,129.38,127.98,8.12M,0.16
14-Jun-11,128.51,126.56,128.88,126.56,6.17M,1.54
13-Jun-11,126.56,126.82,127.52,125.93,6.11M,-0.39
10-Jun-11,127.06,126.96,128.15,126.29,13.27M,-1.72
9-Jun-11,129.28,128.95,129.77,128.12,5.88M,0.03
8-Jun-11,129.24,128.28,130.17,127.95,9.08M,0.72
7-Jun-11,128.32,127.29,128.88,126.96,3.18M,0.39
6-Jun-11,127.82,128.28,128.95,126.79,4.39M,-0.34
3-Jun-11,128.25,129.48,130.57,127.95,5.78M,-0.95
2-Jun-11,129.48,127.78,131.2,127.55,10.60M,0.75
1-Jun-11,128.51,129.28,129.28,127.62,8.37M,0.26
31-May-11,128.18,124.64,128.51,124.64,13.67M,3.06
30-May-11,124.37,125.27,125.7,123.54,8.92M,-0.72
27-May-11,125.27,124.3,125.83,124.2,9.14M,1.05
26-May-11,123.97,125.3,125.3,123.31,14.83M,-1.12
25-May-11,125.37,123.74,125.8,122.88,9.66M,1.15
24-May-11,123.94,126.39,126.56,123.44,8.93M,-1.71
23-May-11,126.09,123.94,126.43,123.44,13.71M,1.96
20-May-11,123.67,126.26,126.96,121.82,39.31M,-1.32
19-May-11,125.33,126.03,127.16,124.74,11.83M,0.05
18-May-11,125.27,124.5,126.36,124.5,6.78M,0.59
17-May-11,124.54,123.64,125.96,123.11,8.73M,0.94
16-May-11,123.38,125.96,126.43,123.01,11.55M,-1.53
13-May-11,125.3,121.82,127.22,120.96,10.60M,2.83
12-May-11,121.85,122.88,124.47,121.59,4.18M,-1.37
11-May-11,123.54,123.04,123.81,122.25,3.17M,0.41
10-May-11,123.04,122.65,124.97,122.22,6.14M,0.62
9-May-11,122.28,121.95,123.84,120.72,8.40M,0.46
6-May-11,121.72,121.32,121.98,117.71,10.53M,0.6
5-May-11,120.99,123.97,124.24,120.43,9.08M,-2.3
4-May-11,123.84,124.5,124.83,121.65,8.22M,-0.02
3-May-11,123.87,126.29,126.62,123.08,7.73M,-2.25
2-May-11,126.72,127.95,128.61,126.29,7.77M,-0.63
29-Apr-11,127.52,126.19,129.14,126.19,15.51M,0.26
28-Apr-11,127.19,128.81,129.14,126.66,12.07M,-0.93
27-Apr-11,128.38,127.29,128.61,126.79,8.28M,1.04
26-Apr-11,127.06,126.33,127.55,122.71,11.70M,0.74
25-Apr-11,126.13,125.96,127.75,125.8,4.29M,0.06
21-Apr-11,126.06,127.92,127.92,125.63,14.23M,-0.24
20-Apr-11,126.36,125.13,126.82,124.3,8.52M,1.66
19-Apr-11,124.3,125.3,126.62,123.91,11.98M,-1.42
18-Apr-11,126.09,127.06,129.11,124.3,13.13M,-0.69
15-Apr-11,126.96,126.03,127.72,125.07,16.65M,0.74
13-Apr-11,126.03,122.65,126.82,121.82,15.72M,2.76
11-Apr-11,122.65,122.05,124.64,121.75,12.36M,0.68
8-Apr-11,121.82,121.25,122.98,120.56,10.35M,0.66
7-Apr-11,121.02,121.32,121.65,120.23,5.62M,-0.22
6-Apr-11,121.29,121.55,122.41,119.86,5.44M,-0.68
5-Apr-11,122.12,122.48,123.11,121.49,8.18M,-0.35
4-Apr-11,122.55,121.62,122.65,121.19,9.67M,1.29
1-Apr-11,120.99,120.69,122.61,120.26,16.60M,0.22
31-Mar-11,120.72,118.17,121.98,118.17,33.02M,2.53
30-Mar-11,117.74,119.27,120.23,117.18,15.96M,-0.92
29-Mar-11,118.83,119,119.33,118.11,12.57M,0.3
28-Mar-11,118.47,117.01,119.07,116.91,13.14M,0.71
25-Mar-11,117.64,116.02,118.01,115.02,17.56M,2.57
24-Mar-11,114.69,114.69,115.09,113.96,8.13M,0.61
23-Mar-11,114,112.7,114.33,112.14,8.54M,1.12
22-Mar-11,112.74,111.77,113.3,111.05,6.15M,1.28
21-Mar-11,111.31,111.81,112.64,111.05,6.15M,-0.03
18-Mar-11,111.34,112.44,112.6,109.79,9.72M,-0.06
17-Mar-11,111.41,112.37,113.3,110.91,11.71M,-1.84
16-Mar-11,113.5,113.13,114.26,113.13,4.94M,0.65
15-Mar-11,112.77,113.4,114.56,111.18,10.41M,-1.93
14-Mar-11,114.99,113.86,115.29,113.03,6.75M,1.22
11-Mar-11,113.6,113.2,114.69,112.4,5.98M,0.04
10-Mar-11,113.56,113.66,114,112.24,6.64M,-0.26
9-Mar-11,113.86,114.29,114.79,113.1,6.32M,-0.12
8-Mar-11,114,115.16,115.29,113.46,8.57M,-0.4
7-Mar-11,114.46,113.53,115.22,111.41,10.10M,0.15
4-Mar-11,114.29,115.72,115.88,114.03,12.42M,-0.67
3-Mar-11,115.06,114.03,116.68,113.5,19.98M,-0.03
1-Mar-11,115.09,113.23,115.35,113.1,21.95M,2.72
28-Feb-11,112.04,103.45,112.7,102.36,45.49M,8.13
25-Feb-11,103.62,101.23,104.02,100.44,13.68M,3.75
24-Feb-11,99.87,102.33,103.55,98.78,26.72M,-3.19
23-Feb-11,103.16,104.08,104.42,102.82,5.24M,-0.7
22-Feb-11,103.89,104.68,104.68,103.09,6.84M,-0.94
21-Feb-11,104.88,103.26,105.31,102.49,3.90M,1.57
18-Feb-11,103.26,104.98,106.17,102.76,7.14M,-1.7
17-Feb-11,105.05,104.42,105.34,102.66,10.35M,0.99
16-Feb-11,104.02,103.55,105.31,103.55,5.48M,-0.12
15-Feb-11,104.15,105.18,105.21,102.49,6.53M,-0.26
14-Feb-11,104.42,102.56,105.94,102.56,10.01M,1.56
11-Feb-11,102.82,103.98,104.15,102.1,8.65M,-0.68
10-Feb-11,103.52,102.23,105.38,102.23,10.72M,1.46
9-Feb-11,102.03,103.42,103.75,101.27,12.68M,-1.41
8-Feb-11,103.49,104.42,104.91,103.42,9.35M,-0.63
7-Feb-11,104.15,103.29,105.24,101.63,14.67M,2.68
4-Feb-11,101.43,105.81,106.57,100.57,14.63M,-4.05
3-Feb-11,105.71,105.01,106.87,104.48,7.09M,0.28
2-Feb-11,105.41,106.57,107.2,104.75,9.64M,-0.38
1-Feb-11,105.81,108.49,108.59,103.55,21.25M,-1.85
31-Jan-11,107.8,110.78,111.31,106.7,17.01M,-3.3
28-Jan-11,111.48,111.94,112.87,109.79,16.01M,0.22
27-Jan-11,111.24,111.94,112.54,110.71,11.72M,-0.13
25-Jan-11,111.38,112.17,112.93,111.05,7.83M,-0.65
24-Jan-11,112.11,112.67,113,111.38,7.69M,0.13
21-Jan-11,111.97,113.5,114.39,111.64,13.52M,-1.61
20-Jan-11,113.8,115.59,116.61,113.13,11.02M,-2.17
19-Jan-11,116.32,117.01,118.21,115.09,14.10M,-0.39
18-Jan-11,116.78,114.29,117.18,114.09,9.61M,2.44
17-Jan-11,114,112.77,115.95,111.14,14.17M,0.82
14-Jan-11,113.07,114.43,117.44,112.11,8.99M,-1.5
13-Jan-11,114.79,114.72,115.82,113.63,11.31M,-0.35
12-Jan-11,115.19,114.13,115.62,111.77,7.67M,2.15
11-Jan-11,112.77,112.84,115.35,111.41,11.89M,-0.29
10-Jan-11,113.1,114.16,114.29,111.74,12.40M,-1.1
7-Jan-11,114.36,118.04,119.33,113.1,10.80M,-3.58
6-Jan-11,118.6,119.56,120,116.58,8.91M,-0.5
5-Jan-11,119.2,117.61,119.46,116.55,12.79M,1.3
4-Jan-11,117.67,116.02,118.07,116.02,14.94M,1.54
3-Jan-11,115.88,116.65,116.65,115.29,3.49M,0.08
31-Dec-10,115.79,115.25,116.65,115.12,10.41M,0.06
30-Dec-10,115.72,114.89,116.91,114.46,29.50M,0.2
29-Dec-10,115.49,113.5,115.75,113.46,10.21M,1.75
28-Dec-10,113.5,112.54,113.9,112.54,4.31M,0.85
27-Dec-10,112.54,112.54,113.53,112.07,6.93M,-0.09
24-Dec-10,112.64,109.85,112.97,109.85,7.44M,1.8
23-Dec-10,110.65,111.64,111.64,110.15,4.38M,-0.3
22-Dec-10,110.98,111.84,111.84,110.18,5.15M,0.15
21-Dec-10,110.81,110.71,111.05,109.92,5.14M,0.12
20-Dec-10,110.68,111.54,111.54,109.79,5.86M,-0.66
16-Dec-10,111.41,111.67,111.67,108.82,7.14M,0.63
15-Dec-10,110.71,110.51,111.91,110.38,7.96M,-0.83
14-Dec-10,111.64,111.38,112.44,110.78,7.17M,0.75
13-Dec-10,110.81,113.2,113.37,109.72,9.00M,-1.85
10-Dec-10,112.9,111.31,113.3,110.71,6.27M,1.79
9-Dec-10,110.91,111.01,111.71,109.92,11.09M,0.33
8-Dec-10,110.55,111.38,112.7,110.22,9.76M,-0.86
7-Dec-10,111.51,111.77,112.5,110.25,9.98M,-0.5
6-Dec-10,112.07,113.37,113.37,111.71,6.00M,-1.31
3-Dec-10,113.56,111.05,114.03,109.39,14.19M,0.23
2-Dec-10,113.3,114.13,114.63,112.54,12.73M,-0.29
1-Dec-10,113.63,114.36,114.36,112.6,7.09M,-0.29
30-Nov-10,113.96,111.08,114.69,110.05,19.83M,1.96
29-Nov-10,111.77,111.38,112.54,108.72,19.10M,0.57
26-Nov-10,111.14,112.87,113.23,110.08,14.76M,-1.21
25-Nov-10,112.5,114.43,114.99,111.44,13.47M,-2.31
24-Nov-10,115.16,115.32,115.52,113.83,9.20M,0.7
23-Nov-10,114.36,116.18,116.68,112.4,12.79M,-1.93
22-Nov-10,116.61,113.53,116.95,112.97,12.25M,2.89
19-Nov-10,113.33,114.19,114.69,112.44,8.83M,-0.59
18-Nov-10,114,116.51,116.51,111.71,12.34M,1.18
16-Nov-10,112.67,116.65,116.98,111.74,8.60M,-2.97
15-Nov-10,116.12,114.96,116.35,113.53,3.98M,0.75
12-Nov-10,115.25,116.61,117.34,114.29,6.22M,-0.86
11-Nov-10,116.25,117.67,118.01,115.79,3.75M,-0.93
10-Nov-10,117.34,117.67,118.27,116.95,5.45M,-0.45
9-Nov-10,117.87,116.68,118.3,115.42,6.84M,1.22
8-Nov-10,116.45,118.93,118.93,115.75,6.95M,-0.84
5-Nov-10,117.44,118.01,118.34,116.81,1.68M,0.09
4-Nov-10,117.34,117.58,117.67,116.05,8.82M,0.82
3-Nov-10,116.38,115.35,117.41,115.35,14.42M,1.24
2-Nov-10,114.96,114.16,115.35,113.37,6.94M,0.9
1-Nov-10,113.93,114.36,115.02,113.27,12.80M,0.38
29-Oct-10,113.5,112.11,113.96,109.85,27.59M,2.48
28-Oct-10,110.75,112.14,113.83,109.39,34.66M,-0.48
27-Oct-10,111.28,113.86,113.96,110.85,7.46M,-2.27
26-Oct-10,113.86,112.93,114.92,112.11,9.18M,1.53
25-Oct-10,112.14,114.86,114.96,111.77,10.28M,-1.2
22-Oct-10,113.5,115.42,115.69,112.84,5.04M,-1.81
21-Oct-10,115.59,112.6,116.02,110.91,6.66M,3.78
20-Oct-10,111.38,112.21,113.56,111.05,8.68M,-1.46
19-Oct-10,113.03,113.83,114.86,112.11,8.87M,-0.62
18-Oct-10,113.73,114.03,114.59,110.78,12.77M,-0.24
15-Oct-10,114,116.68,116.68,113.6,6.71M,-1.77
14-Oct-10,116.05,117.14,117.24,115.25,7.07M,-0.03
13-Oct-10,116.08,114.69,116.58,113.03,16.06M,2.43
12-Oct-10,113.33,113.96,114.56,112.14,7.68M,-1.16
11-Oct-10,114.66,115.25,115.65,113.6,7.47M,0.29
8-Oct-10,114.33,114.03,114.92,112.44,11.29M,0.32
7-Oct-10,113.96,115.22,115.62,113.5,11.79M,-0.58
6-Oct-10,114.63,116.78,117.31,113.23,10.79M,-0.51
5-Oct-10,115.22,116.68,117.28,115.02,12.48M,-0.83
4-Oct-10,116.18,119.33,120.53,115.95,12.97M,-1.91
1-Oct-10,118.44,118.6,119.33,116.88,15.38M,0.19
30-Sep-10,118.21,115.22,119.33,113.96,24.46M,2.71
29-Sep-10,115.09,118.34,119.53,114.69,10.05M,-2.69
28-Sep-10,118.27,118.6,119.33,116.88,10.90M,0
27-Sep-10,118.27,119.6,119.73,117.54,11.84M,-0.47
24-Sep-10,118.83,117.84,119.9,117.14,13.32M,1.56
23-Sep-10,117.01,115.98,117.97,114.63,9.54M,1.03
22-Sep-10,115.82,113.6,116.55,113.6,10.95M,1.19
21-Sep-10,114.46,117.91,118.87,113.63,24.21M,-2.26
20-Sep-10,117.11,112.04,118.01,111.38,20.78M,4.93
17-Sep-10,111.61,111.28,112.21,110.28,11.38M,0.57
16-Sep-10,110.98,110.71,112.3,110.42,6.88M,-0.14
15-Sep-10,111.14,108.96,111.38,108.39,10.37M,1.48
14-Sep-10,109.52,108,110.18,107.27,11.28M,1.23
13-Sep-10,108.19,108.29,109.26,107.47,6.54M,0.52
9-Sep-10,107.63,109.79,109.79,107,7.40M,-1.18
8-Sep-10,108.92,109.49,109.98,108.23,6.02M,-1.14
7-Sep-10,110.18,110.05,110.88,109.26,8.55M,0.24
6-Sep-10,109.92,109.29,110.91,108.59,10.60M,1.1
3-Sep-10,108.72,109.85,109.85,107.63,6.09M,-0.88
2-Sep-10,109.69,108.59,109.95,108.16,7.36M,1.41
1-Sep-10,108.16,108.89,108.92,107.27,7.24M,0
31-Aug-10,108.16,106.27,108.72,105.08,13.19M,2.41
30-Aug-10,105.61,108.06,108.29,105.14,4.58M,-1.18
27-Aug-10,106.87,108.79,109.62,106.31,5.48M,-1.65
26-Aug-10,108.66,106.74,109.49,106.74,16.28M,2.12
25-Aug-10,106.4,106.01,106.9,105.97,6.60M,0.41
24-Aug-10,105.97,105.77,106.93,105.14,5.19M,0.22
23-Aug-10,105.74,107.4,107.86,105.48,5.71M,-1.97
20-Aug-10,107.86,109.45,109.72,107.43,8.91M,-1.58
19-Aug-10,109.59,107.73,110.25,107.73,12.46M,1.73
18-Aug-10,107.73,107.07,108.06,105.44,12.32M,1.85
17-Aug-10,105.77,105.41,106.27,103.92,8.29M,0.82
16-Aug-10,104.91,104.48,105.41,103.42,4.36M,1.27
13-Aug-10,103.59,101.43,104.08,101.4,7.22M,2.16
12-Aug-10,101.4,101.1,103.32,100.8,7.29M,-1.29
11-Aug-10,102.73,103.42,104.08,102.33,4.89M,-1.46
10-Aug-10,104.25,105.71,105.71,103.32,7.11M,-1.07
9-Aug-10,105.38,105.41,106.21,104.68,4.00M,0.13
6-Aug-10,105.24,103.42,106.07,103.29,5.98M,1.89
5-Aug-10,103.29,103.22,104.22,102.33,5.97M,0.32
4-Aug-10,102.96,102.1,104.08,100.47,8.11M,0.59
3-Aug-10,102.36,105.21,105.21,101.93,8.47M,-1.28
2-Aug-10,103.69,102.46,103.9,102.43,16.66M,1.32
30-Jul-10,102.34,102.68,103.37,101.43,11.09M,-0.44
29-Jul-10,102.79,101.76,103.39,101.45,11.64M,0.89
28-Jul-10,101.88,101.27,102.18,100.5,10.15M,1.02
27-Jul-10,100.85,101.76,101.76,100.44,5.36M,0.51
26-Jul-10,100.34,100.11,100.5,99.43,6.79M,0.35
23-Jul-10,99.99,99.44,100.34,98.86,19.65M,1.33
22-Jul-10,98.68,88.31,98.96,88.31,21.79M,1.83
21-Jul-10,96.91,97.07,98.12,96.41,11.56M,0.31
20-Jul-10,96.61,96.79,97.26,96.16,4.30M,0.03
19-Jul-10,96.58,98.58,99.43,96.13,9.79M,-2.35
16-Jul-10,98.9,99.61,99.63,98.32,11.57M,-0.58
15-Jul-10,99.48,98.95,99.77,98.86,9.17M,0.54
14-Jul-10,98.95,99.49,100.16,98.66,13.91M,-0.2
13-Jul-10,99.15,99.43,99.91,97.89,14.03M,-0.28
12-Jul-10,99.43,100.11,100.11,99.21,6.98M,-0.13
9-Jul-10,99.56,100.49,101.03,99.19,5.97M,-0.93
8-Jul-10,100.49,100.77,101.22,100.07,5.59M,0.38
7-Jul-10,100.11,100.47,100.59,99.44,6.04M,-0.29
6-Jul-10,100.4,100.17,100.54,99.81,4.54M,0.24
5-Jul-10,100.16,100.24,100.94,99.44,4.30M,-0.13
2-Jul-10,100.29,101.1,101.42,100.04,4.19M,-0.15
1-Jul-10,100.44,101.03,101.03,99.53,5.11M,-0.8
30-Jun-10,101.25,97.12,101.5,97.12,13.85M,3.07
29-Jun-10,98.23,98.98,99.11,97.47,5.04M,-0.44
28-Jun-10,98.66,99.77,100.6,98.45,6.45M,-1.26
25-Jun-10,99.92,101.32,102.06,99.51,7.90M,-1.41
24-Jun-10,101.35,100.44,102.06,99.48,20.71M,0.96
23-Jun-10,100.39,99.44,100.84,99.19,9.28M,0.35
22-Jun-10,100.04,98.78,100.69,98.53,9.38M,0.9
21-Jun-10,99.15,98.35,99.44,96.79,13.89M,1.43
18-Jun-10,97.75,97.79,99.21,97.02,15.59M,0.34
17-Jun-10,97.42,96.46,98.42,95.85,13.33M,1.03
16-Jun-10,96.43,97.69,97.69,95.52,11.82M,-0.27
15-Jun-10,96.69,94.8,97.02,94.5,9.38M,1.95
14-Jun-10,94.84,93.71,95.07,93.34,8.42M,1.62
11-Jun-10,93.33,95.8,95.8,93.03,8.46M,0.54
10-Jun-10,92.83,92.48,93.39,91.22,10.57M,0.88
9-Jun-10,92.02,95.27,95.27,91.52,11.89M,-4.18
8-Jun-10,96.03,96.36,96.99,94.99,9.18M,0.69
7-Jun-10,95.37,94.47,95.83,94.47,6.60M,-1.08
4-Jun-10,96.41,95.75,96.73,91.82,9.57M,1.87
3-Jun-10,94.64,93.81,95.08,93.64,7.47M,1.5
2-Jun-10,93.24,94.14,94.4,92.57,8.11M,-0.61
1-Jun-10,93.81,94.6,94.79,93.31,9.58M,-0.06
31-May-10,93.87,95.37,95.37,92.55,11.48M,0
28-May-10,93.87,92.15,94.14,91.45,16.86M,2.65
27-May-10,91.45,89.33,92.35,88.6,29.18M,2.52
26-May-10,89.2,86.86,89.48,86.55,11.09M,3.3
25-May-10,86.35,88.67,89.57,85.75,21.12M,-2.81
24-May-10,88.85,91.16,91.32,88.02,14.96M,-1.2
21-May-10,89.93,86.18,90.92,85.31,36.16M,3.39
20-May-10,86.98,85.64,87.96,85.19,12.63M,1.23
19-May-10,85.92,88.99,88.99,85.52,8.93M,-3.51
18-May-10,89.05,87.86,89.33,86.63,4.78M,0.94
17-May-10,88.22,88.17,89.13,87.84,7.17M,-0.75
14-May-10,88.89,87.18,90.49,87.18,8.91M,0.62
13-May-10,88.34,88.5,88.84,87.43,6.07M,0.55
12-May-10,87.86,83.7,88.14,83.7,5.34M,2.12
11-May-10,86.04,85.37,87.28,85.37,9.94M,-0.85
10-May-10,86.78,84.49,87.16,84.49,14.89M,1.02
7-May-10,85.9,84.2,86.5,84.06,8.69M,0.03
6-May-10,85.87,81.21,87.01,81.21,5.81M,-1.19
5-May-10,86.9,82.87,87.38,82.87,6.92M,-0.06
4-May-10,86.95,86.91,88.17,86.52,4.73M,-1
3-May-10,87.83,86.6,88.37,86.6,7.01M,-0.33
30-Apr-10,88.12,88.84,89.07,87.84,6.86M,-0.49
29-Apr-10,88.55,89.96,89.96,88.01,10.19M,-1.04
28-Apr-10,89.48,88.54,90.29,88.12,10.55M,0.15
27-Apr-10,89.35,88.84,89.78,88.02,5.87M,0.8
26-Apr-10,88.64,88.17,89.8,87.87,5.37M,0.17
23-Apr-10,88.49,87.74,88.82,86.88,4.99M,1.03
22-Apr-10,87.59,86.68,88.62,86.35,13.17M,0.68
21-Apr-10,87,87.51,87.83,86.63,5.48M,-0.29
20-Apr-10,87.25,88.34,88.41,86.52,8.33M,-0.62
19-Apr-10,87.79,88.84,90.76,86.96,7.86M,-1.58
16-Apr-10,89.2,86.22,89.45,86.22,8.87M,2.41
15-Apr-10,87.1,89.52,89.73,86.6,11.89M,-2.18
13-Apr-10,89.04,90.69,90.73,88.87,4.83M,-1.02
12-Apr-10,89.96,89.5,90.39,88.62,7.87M,0.8
9-Apr-10,89.25,88.77,89.66,88.07,8.40M,0.56
8-Apr-10,88.75,88.84,89.15,88.29,6.26M,-0.64
7-Apr-10,89.32,87.96,89.5,87.34,8.73M,1.2
6-Apr-10,88.26,87.78,88.7,87.21,9.67M,0.55
5-Apr-10,87.78,88.74,89.07,87.54,7.34M,0.31
1-Apr-10,87.51,87.51,88.45,87.21,5.66M,0.36
31-Mar-10,87.2,89.43,89.43,86.71,15.05M,-2.15
30-Mar-10,89.12,89.27,90.46,88.74,7.99M,-0.12
29-Mar-10,89.23,87.64,89.83,86.93,12.65M,1.81
26-Mar-10,87.64,87.76,88.17,86.88,8.88M,-0.14
25-Mar-10,87.76,86.53,88.32,86.12,17.24M,1.46
23-Mar-10,86.5,86.35,87.08,84.92,9.99M,-0.24
22-Mar-10,86.71,85.97,86.81,85.31,8.91M,0.1
19-Mar-10,86.62,86.35,87.26,85.9,7.73M,0.02
18-Mar-10,86.6,87.18,87.74,85.75,6.49M,-0.61
17-Mar-10,87.13,86.12,87.64,85.74,12.14M,1.17
16-Mar-10,86.12,86.25,86.5,84.28,7.48M,0.17
15-Mar-10,85.97,85.64,86.75,85.64,15.36M,0.35
12-Mar-10,85.67,85.19,86.32,84.61,16.75M,1.1
11-Mar-10,84.74,84.2,85.49,83.4,8.75M,0.55
10-Mar-10,84.28,83.78,84.61,82.99,11.96M,1.27
9-Mar-10,83.22,83.45,84.11,82.74,9.54M,-0.07
8-Mar-10,83.28,81.46,83.52,81.38,22.48M,2.65
5-Mar-10,81.13,81.88,81.88,80.55,8.29M,-0.53
4-Mar-10,81.56,81.84,81.88,80.55,12.87M,0.97
3-Mar-10,80.78,80.38,81.63,79.01,13.05M,0.72
2-Mar-10,80.2,77.93,80.95,77.9,29.08M,4.17
26-Feb-10,76.99,82.37,83.67,75.84,70.06M,-6.19
25-Feb-10,82.07,82.5,82.7,81.44,14.31M,-0.02
24-Feb-10,82.09,82.32,83.02,81.81,8.54M,-0.64
23-Feb-10,82.62,82.07,82.85,81.48,7.21M,0.67
22-Feb-10,82.07,82.79,83.12,81.58,6.52M,-0.36
19-Feb-10,82.37,82.64,83,81.48,6.00M,0.1
18-Feb-10,82.29,83.6,83.78,81.71,4.01M,-1.39
17-Feb-10,83.45,83.04,83.76,82.69,7.89M,0.64
16-Feb-10,82.92,83.12,83.37,82.24,6.12M,0.33
15-Feb-10,82.65,82.37,82.87,81.25,6.49M,0.89
11-Feb-10,81.92,81.23,82.17,81.15,6.95M,1.32
10-Feb-10,80.85,81.11,81.54,80.25,8.56M,0
9-Feb-10,80.85,81.34,81.81,80.47,12.08M,-0.59
8-Feb-10,81.33,82.21,82.27,79.79,23.41M,-1.08
6-Feb-10,82.22,82.21,82.74,81.94,477.02K,-0.12
5-Feb-10,82.32,83.53,83.96,81.88,18.62M,-1.98
4-Feb-10,83.98,83.53,84.44,82.74,12.12M,0.3
3-Feb-10,83.73,81.21,84.48,80.71,13.89M,3.36
2-Feb-10,81.01,82.89,82.89,80.57,10.82M,-0.86
1-Feb-10,81.71,82.87,83.71,81.44,12.62M,-1.46
29-Jan-10,82.92,84.03,85.11,82.57,15.77M,-1.61
28-Jan-10,84.28,85.09,85.19,82.39,19.60M,-0.65
27-Jan-10,84.83,84.03,85.87,83.86,35.55M,0.32
25-Jan-10,84.56,82.87,84.96,82.06,15.80M,2.41
22-Jan-10,82.57,80.55,84.1,79.97,46.26M,1.88
21-Jan-10,81.05,82.04,82.92,80.38,11.73M,-1.05
20-Jan-10,81.91,82.87,83.37,81.63,10.43M,-1.12
19-Jan-10,82.84,83.33,83.33,82.31,6.30M,-0.25
18-Jan-10,83.05,83.8,84.29,82.87,5.64M,-0.87
15-Jan-10,83.78,82.89,83.93,81.91,7.84M,1.85
14-Jan-10,82.26,83.04,83.17,81.88,12.32M,-0.32
13-Jan-10,82.52,82.54,83.45,81.88,12.48M,-0.45
12-Jan-10,82.89,85.11,85.11,82.57,15.51M,-2.55
11-Jan-10,85.06,85.36,86.02,84.86,7.20M,0.05
8-Jan-10,85.02,84.64,85.69,84.64,4.88M,0.21
7-Jan-10,84.84,85.19,85.69,84.1,4.99M,-0.32
6-Jan-10,85.11,85.75,85.75,84.06,7.53M,0.24
5-Jan-10,84.91,84.46,85.11,83.76,10.77M,0.99
4-Jan-10,84.08,83.86,84.53,82.99,5.16M,1.14
